subdivision_code,country_code,subdivision_name
AD-02,AD,Canillo
AD-03,AD,Encamp
AD-04,AD,La Massana
AD-05,AD,Ordino
AD-06,AD,Sant Julià de Lòria
AD-07,AD,Andorra la Vella
AD-08,AD,Escaldes-Engordany
AE-AJ,AE,Ajman
AE-AZ,AE,Abu Dhabi
AE-DU,AE,Dubai
AE-FU,AE,Fujairah
AE-RK,AE,Ras al-Khaimah
AE-SH,AE,Sharjah
AE-UQ,AE,Umm al-Quwain
AF-BAL,AF,Balkh
AF-BAM,AF,Bamyan
AF-BDG,AF,Badghis
AF-BDS,AF,Badakhshan
AF-BGL,AF,Baghlan
AF-DAY,AF,Daykundi
AF-FRA,AF,Farah
AF-FYB,AF,Faryab
AF-GHA,AF,Ghazni
AF-GHO,AF,Ghōr
AF-HEL,AF,Helmand
AF-HER,AF,Herat
AF-JOW,AF,Jowzjan
AF-KAB,AF,Kabul
AF-KAN,AF,Kandahar
AF-KAP,AF,Kapisa
AF-KDZ,AF,Kunduz
AF-KHO,AF,Khost
AF-KNR,AF,Kunar
AF-LAG,AF,Laghman
AF-LOG,AF,Logar
AF-NAN,AF,Nangarhar
AF-NIM,AF,Nimruz
AF-NUR,AF,Nuristan
AF-PAN,AF,Panjshir
AF-PAR,AF,Parwan
AF-PIA,AF,Paktia
AF-PKA,AF,Paktika
AF-SAM,AF,Samangan
AF-SAR,AF,Sar-e Pol
AF-TAK,AF,Takhar
AF-URU,AF,Urozgan
AF-WAR,AF,Maidan Wardak
AF-ZAB,AF,Zabul
AG-03,AG,Saint George
AG-04,AG,Saint John
AG-05,AG,Saint Mary
AG-06,AG,Saint Paul
AG-07,AG,Saint Peter
AG-08,AG,Saint Philip
AG-10,AG,Barbuda
AG-11,AG,Redonda
AL-01,AL,Berat County
AL-02,AL,Durrës County
AL-03,AL,Elbasan County
AL-04,AL,Fier County
AL-05,AL,Gjirokastër County
AL-06,AL,Korçë County
AL-07,AL,Kukës County
AL-08,AL,Lezhë County
AL-09,AL,Dibër County
AL-10,AL,Shkodër County
AL-11,AL,Tirana County
AL-12,AL,Vlorë County
AL-BR,AL,Berat
AL-BU,AL,Bulqizë
AL-DI,AL,Dibër
AL-DL,AL,Delvinë
AL-DR,AL,Durrës
AL-DV,AL,Devoll
AL-EL,AL,Elbasan
AL-ER,AL,Kolonjë
AL-FR,AL,Fier
AL-GJ,AL,Gjirokastër
AL-GR,AL,Gramsh
AL-HA,AL,Has
AL-KA,AL,Kavajë
AL-KB,AL,Kurbin
AL-KC,AL,Kuçovë
AL-KO,AL,Korçë
AL-KR,AL,Krujë
AL-KU,AL,Kukës
AL-LB,AL,Librazhd
AL-LE,AL,Lezhë
AL-LU,AL,Lushnjë
AL-MK,AL,Mallakastër
AL-MM,AL,Malësi e Madhe
AL-MR,AL,Mirditë
AL-MT,AL,Mat
AL-PG,AL,Pogradec
AL-PQ,AL,Peqin
AL-PR,AL,Përmet
AL-PU,AL,Pukë
AL-SH,AL,Shkodër
AL-SK,AL,Skrapar
AL-SR,AL,Sarandë
AL-TE,AL,Tepelenë
AL-TP,AL,Tropojë
AL-TR,AL,Tirana
AL-VL,AL,Vlorë
AM-AG,AM,Aragatsotn
AM-AR,AM,Ararat
AM-AV,AM,Armavir
AM-ER,AM,Yerevan
AM-GR,AM,Gegharkunik
AM-KT,AM,Kotayk
AM-LO,AM,Lori
AM-SH,AM,Shirak
AM-SU,AM,Syunik
AM-TV,AM,Tavush
AM-VD,AM,Vayots Dzor
AO-BGO,AO,Bengo
AO-BGU,AO,Benguela
AO-BIE,AO,Bié
AO-CAB,AO,Cabinda
AO-CCU,AO,Cuando Cubango
AO-CNN,AO,Cunene
AO-CNO,AO,Cuanza Norte
AO-CUS,AO,Cuanza Sul
AO-HUA,AO,Huambo
AO-HUI,AO,Huíla
AO-LNO,AO,Lunda Norte
AO-LSU,AO,Lunda Sul
AO-LUA,AO,Luanda
AO-MAL,AO,Malanje
AO-MOX,AO,Moxico
AO-NAM,AO,Namibe
AO-UIG,AO,Uíge
AO-ZAI,AO,Zaire
AR-A,AR,Salta
AR-B,AR,Buenos Aires Province
AR-C,AR,Buenos Aires
AR-D,AR,San Luis
AR-E,AR,Entre Ríos
AR-F,AR,La Rioja
AR-G,AR,Santiago del Estero
AR-H,AR,Chaco
AR-J,AR,San Juan
AR-K,AR,Catamarca
AR-L,AR,La Pampa
AR-M,AR,Mendoza
AR-N,AR,Misiones
AR-P,AR,Formosa
AR-Q,AR,Neuquén
AR-R,AR,Río Negro
AR-S,AR,Santa Fe
AR-T,AR,Tucumán
AR-U,AR,Chubut
AR-V,AR,Tierra del Fuego
AR-W,AR,Corrientes
AR-X,AR,Córdoba
AR-Y,AR,Jujuy
AR-Z,AR,Santa Cruz
AT-1,AT,Burgenland
AT-2,AT,Carinthia
AT-3,AT,Lower Austria
AT-4,AT,Upper Austria
AT-5,AT,Salzburg
AT-6,AT,Styria
AT-7,AT,Tyrol
AT-8,AT,Vorarlberg
AT-9,AT,Vienna
AU-ACT,AU,Australian Capital Territory
AU-NSW,AU,New South Wales
AU-NT,AU,Northern Territory
AU-QLD,AU,Queensland
AU-SA,AU,South Australia
AU-TAS,AU,Tasmania
AU-VIC,AU,Victoria
AU-WA,AU,Western Australia
AZ-ABS,AZ,Absheron
AZ-AGA,AZ,Agstafa
AZ-AGC,AZ,Aghjabadi
AZ-AGM,AZ,Agdam
AZ-AGS,AZ,Agdash
AZ-AGU,AZ,Agsu
AZ-AST,AZ,Astara
AZ-BA,AZ,Baku
AZ-BAB,AZ,Babek
AZ-BAL,AZ,Balakan
AZ-BAR,AZ,Barda
AZ-BEY,AZ,Beylagan
AZ-BIL,AZ,Bilasuvar
AZ-CAB,AZ,Jabrayil
AZ-CAL,AZ,Jalilabad
AZ-CUL,AZ,Julfa
AZ-DAS,AZ,Dashkasan
AZ-FUZ,AZ,Fizuli
AZ-GA,AZ,Ganja
AZ-GAD,AZ,Gadabay
AZ-GOR,AZ,Goranboy
AZ-GOY,AZ,Goychay
AZ-GYG,AZ,Goygol
AZ-HAC,AZ,Hajigabul
AZ-IMI,AZ,Imishli
AZ-ISM,AZ,Ismailli
AZ-KAL,AZ,Kalbajar
AZ-KAN,AZ,Kangarli
AZ-KUR,AZ,Kurdamir
AZ-LA,AZ,Lankaran
AZ-LAC,AZ,Lachin
AZ-LAN,AZ,Lankaran District
AZ-LER,AZ,Lerik
AZ-MAS,AZ,Masally
AZ-MI,AZ,Mingachevir
AZ-NA,AZ,Naftalan
AZ-NEF,AZ,Neftchala
AZ-NV,AZ,Nakhchivan
AZ-NX,AZ,Nakhchivan AR
AZ-OGU,AZ,Oghuz
AZ-ORD,AZ,Ordubad
AZ-QAB,AZ,Qabala
AZ-QAX,AZ,Qakh
AZ-QAZ,AZ,Qazakh
AZ-QBA,AZ,Quba
AZ-QBI,AZ,Qubadli
AZ-QOB,AZ,Gobustan
AZ-QUS,AZ,Qusar
AZ-SA,AZ,Shaki
AZ-SAB,AZ,Sabirabad
AZ-SAD,AZ,Sadarak
AZ-SAH,AZ,Shahbuz
AZ-SAK,AZ,Shaki District
AZ-SAL,AZ,Salyan
AZ-SAR,AZ,Sharur
AZ-SAT,AZ,Saatly
AZ-SBN,AZ,Shabran
AZ-SIY,AZ,Siazan
AZ-SKR,AZ,Shamkir
AZ-SM,AZ,Sumqayit
AZ-SMI,AZ,Shamakhi
AZ-SMX,AZ,Samukh
AZ-SR,AZ,Shirvan
AZ-SUS,AZ,Shusha
AZ-TAR,AZ,Tartar
AZ-TOV,AZ,Tovuz
AZ-UCA,AZ,Ujar
AZ-XA,AZ,Stepanakert
AZ-XAC,AZ,Khachmaz
AZ-XCI,AZ,Khojali
AZ-XIZ,AZ,Khizi
AZ-XVD,AZ,Khojavend
AZ-YAR,AZ,Yardymli
AZ-YE,AZ,Yevlakh
AZ-YEV,AZ,Yevlakh District
AZ-ZAN,AZ,Zangilan
AZ-ZAQ,AZ,Zaqatala
AZ-ZAR,AZ,Zardab
BA-01,BA,Una-Sana
BA-02,BA,Posavina
BA-03,BA,Tuzlanski
BA-04,BA,Zenica-Doboj
BA-05,BA,Bosnian Podrinje
BA-06,BA,Central Bosnia
BA-07,BA,Herzegovina-Neretva
BA-08,BA,West Herzegovina
BA-09,BA,Sarajevo
BA-10,BA,Livanjski
BA-BIH,BA,Federation of Bosnia and Herzegovina
BA-BRC,BA,Brčko District
BA-SRP,BA,Republika Srpska
BB-01,BB,Christ Church
BB-02,BB,Saint Andrew
BB-03,BB,Saint George
BB-04,BB,Saint James
BB-05,BB,Saint John
BB-06,BB,Saint Joseph
BB-07,BB,Saint Lucy
BB-08,BB,Saint Michael
BB-09,BB,Saint Peter
BB-10,BB,Saint Philip
BB-11,BB,Saint Thomas
BD-01,BD,Bandarban
BD-02,BD,Barguna
BD-03,BD,Bogra
BD-04,BD,Brahmanbaria
BD-05,BD,Bagerhat
BD-06,BD,Barisal Division
BD-07,BD,Bhola
BD-08,BD,Comilla
BD-09,BD,Chandpur
BD-10,BD,Chittagong
BD-11,BD,Cox’s Bazar
BD-12,BD,Chuadanga
BD-13,BD,Dhaka
BD-14,BD,Dinajpur
BD-15,BD,Faridpur
BD-16,BD,Feni
BD-17,BD,Gopalganj
BD-18,BD,Gazipur
BD-19,BD,Gaibandha
BD-20,BD,Habiganj
BD-21,BD,Jamalpur
BD-22,BD,Jessore
BD-23,BD,Jhenaidah
BD-24,BD,Joypurhat
BD-25,BD,Jhalokati
BD-26,BD,Kishoreganj
BD-27,BD,Khulna
BD-28,BD,Kurigram
BD-29,BD,Khagrachari
BD-30,BD,Kushtia
BD-31,BD,Lakshmipur
BD-32,BD,Lalmonirhat
BD-33,BD,Manikganj
BD-34,BD,Mymensingh
BD-35,BD,Munshiganj
BD-36,BD,Madaripur
BD-37,BD,Magura
BD-38,BD,Maulvi Bazar
BD-39,BD,Meherpur
BD-40,BD,Narayanganj
BD-41,BD,Netrokona
BD-42,BD,Narsingdi
BD-43,BD,Narail
BD-44,BD,Natore
BD-45,BD,Nawabganj
BD-46,BD,Nilphamari
BD-47,BD,Noakhali
BD-48,BD,Naogaon
BD-49,BD,Pabna
BD-50,BD,Pirojpur
BD-51,BD,Patuakhali
BD-52,BD,Panchagarh
BD-53,BD,Rajbari
BD-54,BD,Rajshahi
BD-55,BD,Rangpur
BD-56,BD,Rangamati Hill
BD-57,BD,Sherpur
BD-58,BD,Satkhira
BD-59,BD,Sirajganj
BD-60,BD,Sylhet
BD-61,BD,Sunamganj
BD-62,BD,Shariatpur
BD-63,BD,Tangail
BD-64,BD,Thakurgaon
BD-A,BD,Barisal
BD-B,BD,Chittagong Division
BD-C,BD,Dhaka Division
BD-D,BD,Khulna Division
BD-E,BD,Rajshahi Division
BD-F,BD,Rangpur Division
BD-G,BD,Sylhet Division
BD-H,BD,Mymensingh Division
BE-BRU,BE,Brussels
BE-VAN,BE,Antwerp
BE-VBR,BE,Flemish Brabant
BE-VLG,BE,Flanders
BE-VLI,BE,Limburg
BE-VOV,BE,East Flanders
BE-VWV,BE,West Flanders
BE-WAL,BE,Wallonia
BE-WBR,BE,Walloon Brabant
BE-WHT,BE,Hainaut
BE-WLG,BE,Liège
BE-WLX,BE,Luxembourg
BE-WNA,BE,Namur
BF-01,BF,Boucle du Mouhoun
BF-02,BF,Cascades
BF-03,BF,Centre
BF-04,BF,Centre-Est
BF-05,BF,Centre-Nord
BF-06,BF,Centre-Ouest
BF-07,BF,Centre-Sud
BF-08,BF,Est
BF-09,BF,Hauts-Bassins
BF-10,BF,Nord
BF-11,BF,Plateau-Central
BF-12,BF,Sahel
BF-13,BF,Sud-Ouest
BF-BAL,BF,Balé
BF-BAM,BF,Bam
BF-BAN,BF,Banwa
BF-BAZ,BF,Bazèga
BF-BGR,BF,Bougouriba
BF-BLG,BF,Boulgou
BF-BLK,BF,Boulkiemdé
BF-COM,BF,Comoé
BF-GAN,BF,Ganzourgou
BF-GNA,BF,Gnagna
BF-GOU,BF,Gourma
BF-HOU,BF,Houet
BF-IOB,BF,Ioba
BF-KAD,BF,Kadiogo
BF-KEN,BF,Kénédougou
BF-KMD,BF,Komondjari
BF-KMP,BF,Kompienga
BF-KOP,BF,Koulpélogo
BF-KOS,BF,Kossi
BF-KOT,BF,Kouritenga
BF-KOW,BF,Kourwéogo
BF-LER,BF,Léraba
BF-LOR,BF,Loroum
BF-MOU,BF,Mouhoun
BF-NAM,BF,Namentenga
BF-NAO,BF,Nahouri
BF-NAY,BF,Nayala
BF-NOU,BF,Noumbiel
BF-OUB,BF,Oubritenga
BF-OUD,BF,Oudalan
BF-PAS,BF,Passoré
BF-PON,BF,Poni
BF-SEN,BF,Séno
BF-SIS,BF,Sissili
BF-SMT,BF,Sanmatenga
BF-SNG,BF,Sanguié
BF-SOM,BF,Soum
BF-SOR,BF,Sourou
BF-TAP,BF,Tapoa
BF-TUI,BF,Tuy
BF-YAG,BF,Yagha
BF-YAT,BF,Yatenga
BF-ZIR,BF,Ziro
BF-ZON,BF,Zondoma
BF-ZOU,BF,Zoundwéogo
BG-01,BG,Blagoevgrad
BG-02,BG,Burgas
BG-03,BG,Varna
BG-04,BG,Veliko Tarnovo
BG-05,BG,Vidin
BG-06,BG,Vratsa
BG-07,BG,Gabrovo
BG-08,BG,Dobrich
BG-09,BG,Kardzhali
BG-10,BG,Kyustendil
BG-11,BG,Lovech
BG-12,BG,Montana
BG-13,BG,Pazardzhik
BG-14,BG,Pernik
BG-15,BG,Pleven
BG-16,BG,Plovdiv
BG-17,BG,Razgrad
BG-18,BG,Ruse
BG-19,BG,Silistra
BG-20,BG,Sliven
BG-21,BG,Smolyan
BG-22,BG,Sofia
BG-23,BG,Sofia District
BG-24,BG,Stara Zagora
BG-25,BG,Targovishte
BG-26,BG,Haskovo
BG-27,BG,Shumen
BG-28,BG,Yambol
BH-13,BH,Capital
BH-14,BH,Southern
BH-15,BH,Muharraq
BH-16,BH,Central
BH-17,BH,Northern
BI-BB,BI,Bubanza
BI-BL,BI,Bujumbura Rural
BI-BM,BI,Bujumbura
BI-BR,BI,Bururi
BI-CA,BI,Cankuzo
BI-CI,BI,Cibitoke
BI-GI,BI,Gitega
BI-KI,BI,Kirundo
BI-KR,BI,Karuzi
BI-KY,BI,Kayanza
BI-MA,BI,Makamba
BI-MU,BI,Muramvya
BI-MW,BI,Mwaro
BI-MY,BI,Muyinga
BI-NG,BI,Ngozi
BI-RM,BI,Rumonge
BI-RT,BI,Rutana
BI-RY,BI,Ruyigi
BJ-AK,BJ,Atakora
BJ-AL,BJ,Alibori
BJ-AQ,BJ,Atlantique
BJ-BO,BJ,Borgou
BJ-CO,BJ,Collines
BJ-DO,BJ,Donga
BJ-KO,BJ,Kouffo
BJ-LI,BJ,Littoral
BJ-MO,BJ,Mono
BJ-OU,BJ,Ouémé
BJ-PL,BJ,Plateau
BJ-ZO,BJ,Zou
BN-BE,BN,Belait
BN-BM,BN,Brunei-Muara
BN-TE,BN,Temburong
BN-TU,BN,Tutong
BO-B,BO,Beni
BO-C,BO,Cochabamba
BO-H,BO,Chuquisaca
BO-L,BO,La Paz
BO-N,BO,Pando
BO-O,BO,Oruro
BO-P,BO,Potosí
BO-S,BO,Santa Cruz
BO-T,BO,Tarija
BQ-BO,BQ,Bonaire
BQ-SA,BQ,Saba
BQ-SE,BQ,Sint Eustatius
BR-AC,BR,Acre
BR-AL,BR,Alagoas
BR-AM,BR,Amazonas
BR-AP,BR,Amapá
BR-BA,BR,Bahia
BR-CE,BR,Ceará
BR-DF,BR,Federal District
BR-ES,BR,Espírito Santo
BR-GO,BR,Goiás
BR-MA,BR,Maranhão
BR-MG,BR,Minas Gerais
BR-MS,BR,Mato Grosso do Sul
BR-MT,BR,Mato Grosso
BR-PA,BR,Pará
BR-PB,BR,Paraíba
BR-PE,BR,Pernambuco
BR-PI,BR,Piauí
BR-PR,BR,Paraná
BR-RJ,BR,Rio de Janeiro
BR-RN,BR,Rio Grande do Norte
BR-RO,BR,Rondônia
BR-RR,BR,Roraima
BR-RS,BR,Rio Grande do Sul
BR-SC,BR,Santa Catarina
BR-SE,BR,Sergipe
BR-SP,BR,São Paulo
BR-TO,BR,Tocantins
BS-AK,BS,Acklins
BS-BI,BS,Bimini
BS-BP,BS,Black Point
BS-BY,BS,Berry Islands
BS-CE,BS,Central Eleuthera
BS-CI,BS,Cat Island
BS-CK,BS,Crooked Island
BS-CO,BS,Central Abaco
BS-CS,BS,Central Andros
BS-EG,BS,East Grand Bahama
BS-EX,BS,Exuma
BS-FP,BS,Freeport
BS-GC,BS,Grand Cay
BS-HI,BS,Harbour Island
BS-HT,BS,Hope Town
BS-IN,BS,Inagua
BS-LI,BS,Long Island
BS-MC,BS,Mangrove Cay
BS-MG,BS,Mayaguana
BS-MI,BS,Moore’s Island
BS-NE,BS,North Eleuthera
BS-NO,BS,North Abaco
BS-NP,BS,New Providence
BS-NS,BS,North Andros
BS-RC,BS,Rum Cay
BS-RI,BS,Ragged Island
BS-SA,BS,South Andros
BS-SE,BS,South Eleuthera
BS-SO,BS,South Abaco
BS-SS,BS,San Salvador
BS-SW,BS,Spanish Wells
BS-WG,BS,West Grand Bahama
BT-11,BT,Paro
BT-12,BT,Chukha
BT-13,BT,Haa
BT-14,BT,Samtse
BT-15,BT,Thimphu
BT-21,BT,Tsirang
BT-22,BT,Dagana
BT-23,BT,Punakha
BT-24,BT,Wangdue Phodrang
BT-31,BT,Sarpang
BT-32,BT,Trongsa
BT-33,BT,Bumthang
BT-34,BT,Zhemgang
BT-41,BT,Trashigang
BT-42,BT,Mongar
BT-43,BT,Pemagatshel
BT-44,BT,Lhuntse
BT-45,BT,Samdrup Jongkhar
BT-GA,BT,Gasa
BT-TY,BT,Trashiyangtse
BW-CE,BW,Central
BW-CH,BW,Chobe
BW-FR,BW,Francistown
BW-GA,BW,Gaborone
BW-GH,BW,Ghanzi
BW-JW,BW,Jwaneng
BW-KG,BW,Kgalagadi
BW-KL,BW,Kgatleng
BW-KW,BW,Kweneng
BW-LO,BW,Lobatse
BW-NE,BW,North East
BW-NW,BW,North West
BW-SE,BW,South East
BW-SO,BW,Southern
BW-SP,BW,Selibe Phikwe
BW-ST,BW,Sowa Town
BY-BR,BY,Brest
BY-HM,BY,Minsk
BY-HO,BY,Homel
BY-HR,BY,Hrodna
BY-MA,BY,Magileu
BY-MI,BY,Minsk Region
BY-VI,BY,Vitebsk
BZ-BZ,BZ,Belize
BZ-CY,BZ,Cayo
BZ-CZL,BZ,Corozal
BZ-OW,BZ,Orange Walk
BZ-SC,BZ,Stann Creek
BZ-TOL,BZ,Toledo
CA-AB,CA,Alberta
CA-BC,CA,British Columbia
CA-MB,CA,Manitoba
CA-NB,CA,New Brunswick
CA-NL,CA,Newfoundland and Labrador
CA-NS,CA,Nova Scotia
CA-NT,CA,Northwest Territories
CA-NU,CA,Nunavut
CA-ON,CA,Ontario
CA-PE,CA,Prince Edward Island
CA-QC,CA,Quebec
CA-SK,CA,Saskatchewan
CA-YT,CA,Yukon
CD-BC,CD,Bas-Congo
CD-BN,CD,Bandundu
CD-BU,CD,Bas-Uélé
CD-EQ,CD,Équateur
CD-HK,CD,Haut-Katanga
CD-HL,CD,Haut-Lomami
CD-HU,CD,Haut-Uélé
CD-IT,CD,Ituri
CD-KA,CD,Katanga
CD-KC,CD,Kasaï Central
CD-KE,CD,Kasaï-Oriental
CD-KG,CD,Kwango
CD-KL,CD,Kwilu
CD-KN,CD,Kinshasa
CD-KS,CD,Kasaï
CD-KW,CD,Kasaï-Occidental
CD-LO,CD,Lomami
CD-LU,CD,Lualaba
CD-MA,CD,Maniema
CD-MN,CD,Mai-Ndombe
CD-MO,CD,Mongala
CD-NK,CD,North Kivu
CD-NU,CD,Nord-Ubangi
CD-OR,CD,Orientale
CD-SA,CD,Sankuru
CD-SK,CD,South Kivu
CD-SU,CD,Sud-Ubangi
CD-TA,CD,Tanganyika
CD-TO,CD,Tshopo
CD-TU,CD,Tshuapa
CF-AC,CF,Ouham
CF-BB,CF,Bamingui-Bangoran
CF-BGF,CF,Bangui
CF-BK,CF,Basse-Kotto
CF-HK,CF,Haute-Kotto
CF-HM,CF,Haut-Mbomou
CF-HS,CF,Mambéré-Kadéï
CF-KB,CF,Nana-Grébizi
CF-KG,CF,Kémo
CF-LB,CF,Lobaye
CF-MB,CF,Mbomou
CF-MP,CF,Ombella-M’Poko
CF-NM,CF,Nana-Mambéré
CF-OP,CF,Ouham-Pendé
CF-SE,CF,Sangha-Mbaéré
CF-UK,CF,Ouaka
CF-VK,CF,Vakaga
CG-11,CG,Bouenza
CG-12,CG,Pool
CG-13,CG,Sangha
CG-14,CG,Plateaux
CG-15,CG,Cuvette-Ouest
CG-16,CG,Pointe-Noire
CG-2,CG,Lékoumou
CG-5,CG,Kouilou
CG-7,CG,Likouala
CG-8,CG,Cuvette
CG-9,CG,Niari
CG-BZV,CG,Brazzaville
CH-AG,CH,Aargau
CH-AI,CH,Appenzell Innerrhoden
CH-AR,CH,Appenzell Ausserrhoden
CH-BE,CH,Bern
CH-BL,CH,Basel-Landschaft
CH-BS,CH,Basel-Stadt
CH-FR,CH,Fribourg
CH-GE,CH,Geneva
CH-GL,CH,Glarus
CH-GR,CH,Graubünden
CH-JU,CH,Jura
CH-LU,CH,Lucerne
CH-NE,CH,Neuchâtel
CH-NW,CH,Nidwalden
CH-OW,CH,Obwalden
CH-SG,CH,St. Gallen
CH-SH,CH,Schaffhausen
CH-SO,CH,Solothurn
CH-SZ,CH,Schwyz
CH-TG,CH,Thurgau
CH-TI,CH,Ticino
CH-UR,CH,Uri
CH-VD,CH,Vaud
CH-VS,CH,Valais
CH-ZG,CH,Zug
CH-ZH,CH,Zürich
CI-01,CI,Lagunes
CI-02,CI,Haut-Sassandra
CI-03,CI,Savanes²
CI-04,CI,Vallée du Bandama
CI-05,CI,Moyen-Comoé
CI-06,CI,Dix-Huit Montagnes
CI-07,CI,Lacs
CI-08,CI,Zanzan
CI-09,CI,Bas-Sassandra
CI-10,CI,Denguélé
CI-11,CI,N’zi-Comoé
CI-12,CI,Marahoué
CI-13,CI,Sud-Comoé
CI-14,CI,Worodougou
CI-15,CI,Sud-Bandama
CI-16,CI,Agnéby
CI-17,CI,Bafing
CI-18,CI,Fromager
CI-19,CI,Moyen-Cavally
CI-AB,CI,Abidjan
CI-BS,CI,Bas-Sassandra²
CI-CM,CI,Comoé
CI-DN,CI,Denguélé²
CI-GD,CI,Gôh-Djiboua
CI-LC,CI,Lacs²
CI-LG,CI,Lagunes²
CI-MG,CI,Montagnes
CI-SM,CI,Sassandra-Marahoué
CI-SV,CI,Savanes
CI-VB,CI,Vallée du Bandama²
CI-WR,CI,Woroba
CI-YM,CI,Yamoussoukro
CI-ZZ,CI,Zanzan²
CL-AI,CL,Aysén
CL-AN,CL,Antofagasta
CL-AP,CL,Arica y Parinacota
CL-AR,CL,Araucanía
CL-AT,CL,Atacama
CL-BI,CL,Bío Bío
CL-CO,CL,Coquimbo
CL-LI,CL,Libertador General Bernardo O’Higgins
CL-LL,CL,Los Lagos
CL-LR,CL,Los Ríos
CL-MA,CL,Magallanes Region
CL-ML,CL,Maule
CL-NB,CL,Ñuble
CL-RM,CL,Santiago Metropolitan
CL-TA,CL,Tarapacá
CL-VS,CL,Valparaíso
CM-AD,CM,Adamawa
CM-CE,CM,Centre
CM-EN,CM,Far North
CM-ES,CM,East
CM-LT,CM,Littoral
CM-NO,CM,North
CM-NW,CM,Northwest
CM-OU,CM,West
CM-SU,CM,South
CM-SW,CM,Southwest
CN-AH,CN,Anhui
CN-BJ,CN,Beijing
CN-CQ,CN,Chongqing
CN-FJ,CN,Fujian
CN-GD,CN,Guangdong
CN-GS,CN,Gansu
CN-GX,CN,Guangxi
CN-GZ,CN,Guizhou
CN-HA,CN,Henan
CN-HB,CN,Hubei
CN-HE,CN,Hebei
CN-HI,CN,Hainan
CN-HL,CN,Heilongjiang
CN-HN,CN,Hunan
CN-JL,CN,Jilin
CN-JS,CN,Jiangsu
CN-JX,CN,Jiangxi
CN-LN,CN,Liaoning
CN-NX,CN,Ningxia
CN-QH,CN,Qinghai
CN-SC,CN,Sichuan
CN-SD,CN,Shandong
CN-SH,CN,Shanghai
CN-SN,CN,Shaanxi
CN-SX,CN,Shanxi
CN-TJ,CN,Tianjin
CN-XJ,CN,Xinjiang
CN-XZ,CN,Tibet
CN-YN,CN,Yunnan
CN-ZJ,CN,Zhejiang
CO-AMA,CO,Amazonas
CO-ANT,CO,Antioquia
CO-ARA,CO,Arauca
CO-ATL,CO,Atlántico
CO-BOL,CO,Bolívar
CO-BOY,CO,Boyacá
CO-CAL,CO,Caldas
CO-CAQ,CO,Caquetá
CO-CAS,CO,Casanare
CO-CAU,CO,Cauca
CO-CES,CO,Cesar
CO-CHO,CO,Chocó
CO-COR,CO,Córdoba
CO-CUN,CO,Cundinamarca
CO-DC,CO,Capital District
CO-GUA,CO,Guainía
CO-GUV,CO,Guaviare
CO-HUI,CO,Huila
CO-LAG,CO,La Guajira
CO-MAG,CO,Magdalena
CO-MET,CO,Meta
CO-NAR,CO,Nariño
CO-NSA,CO,Norte de Santander
CO-PUT,CO,Putumayo
CO-QUI,CO,Quindío
CO-RIS,CO,Risaralda
CO-SAN,CO,Santander
CO-SAP,CO,San Andrés & Providencia
CO-SUC,CO,Sucre
CO-TOL,CO,Tolima
CO-VAC,CO,Valle del Cauca
CO-VAU,CO,Vaupés
CO-VID,CO,Vichada
CR-A,CR,Alajuela
CR-C,CR,Cartago
CR-G,CR,Guanacaste
CR-H,CR,Heredia
CR-L,CR,Limón
CR-P,CR,Puntarenas
CR-SJ,CR,San José
CU-01,CU,Pinar del Río
CU-03,CU,Havana
CU-04,CU,Matanzas
CU-05,CU,Villa Clara
CU-06,CU,Cienfuegos
CU-07,CU,Sancti Spíritus
CU-08,CU,Ciego de Ávila
CU-09,CU,Camagüey
CU-10,CU,Las Tunas
CU-11,CU,Holguín
CU-12,CU,Granma
CU-13,CU,Santiago de Cuba
CU-14,CU,Guantánamo
CU-15,CU,Artemisa
CU-16,CU,Mayabeque
CU-99,CU,Isla de la Juventud
CV-B,CV,Barlavento Islands
CV-BR,CV,Brava
CV-BV,CV,Boa Vista
CV-CA,CV,Santa Catarina
CV-CF,CV,Santa Catarina do Fogo
CV-CR,CV,Santa Cruz
CV-MA,CV,Maio
CV-MO,CV,Mosteiros
CV-PA,CV,Paul
CV-PN,CV,Porto Novo
CV-PR,CV,Praia
CV-RB,CV,Ribeira Brava
CV-RG,CV,Ribeira Grande
CV-RS,CV,Ribeira Grande de Santiago
CV-S,CV,Sotavento Islands
CV-SD,CV,São Domingos
CV-SF,CV,São Filipe
CV-SL,CV,Sal
CV-SM,CV,São Miguel
CV-SO,CV,São Lourenço dos Órgãos
CV-SS,CV,São Salvador do Mundo
CV-SV,CV,São Vicente
CV-TA,CV,Tarrafal
CV-TS,CV,Tarrafal de São Nicolau
CY-01,CY,Nicosia
CY-02,CY,Limassol
CY-03,CY,Larnaca
CY-04,CY,Famagusta
CY-05,CY,Paphos
CY-06,CY,Kyrenia
CZ-10,CZ,"Prague, Hlavní mešto"
CZ-101,CZ,Prague 1
CZ-102,CZ,Prague 2
CZ-103,CZ,Prague 3
CZ-104,CZ,Prague 4
CZ-105,CZ,Prague 5
CZ-106,CZ,Prague 6
CZ-107,CZ,Prague 7
CZ-108,CZ,Prague 8
CZ-109,CZ,Prague 9
CZ-110,CZ,Prague 10
CZ-111,CZ,Prague 11
CZ-112,CZ,Prague 12
CZ-113,CZ,Prague 13
CZ-114,CZ,Prague 14
CZ-115,CZ,Prague 15
CZ-116,CZ,Prague 16
CZ-117,CZ,Prague 17
CZ-118,CZ,Prague 18
CZ-119,CZ,Prague 19
CZ-120,CZ,Prague 20
CZ-121,CZ,Prague 21
CZ-122,CZ,Prague 22
CZ-20,CZ,Středočeský
CZ-201,CZ,Benešov
CZ-202,CZ,Beroun
CZ-203,CZ,Kladno
CZ-204,CZ,Kolín
CZ-205,CZ,Kutná Hora
CZ-206,CZ,Mělník
CZ-207,CZ,Mladá Boleslav
CZ-208,CZ,Nymburk
CZ-209,CZ,Prague-East
CZ-20A,CZ,Prague-West
CZ-20B,CZ,Příbram
CZ-20C,CZ,Rakovník
CZ-31,CZ,Jihočeský
CZ-311,CZ,České Budějovice
CZ-312,CZ,Český Krumlov
CZ-313,CZ,Jindřichův Hradec
CZ-314,CZ,Písek
CZ-315,CZ,Prachatice
CZ-316,CZ,Strakonice
CZ-317,CZ,Tábor
CZ-32,CZ,Plzeňský
CZ-321,CZ,Domažlice
CZ-322,CZ,Klatovy
CZ-323,CZ,Plzeň
CZ-324,CZ,Plzeň-South
CZ-325,CZ,Plzeň-North
CZ-326,CZ,Rokycany
CZ-327,CZ,Tachov
CZ-41,CZ,Karlovarský
CZ-411,CZ,Cheb
CZ-412,CZ,Karlovy Vary
CZ-413,CZ,Sokolov
CZ-42,CZ,Ústecký
CZ-421,CZ,Děčín
CZ-422,CZ,Chomutov
CZ-423,CZ,Litoměřice
CZ-424,CZ,Louny
CZ-425,CZ,Most
CZ-426,CZ,Teplice
CZ-427,CZ,Ústí nad Labem
CZ-51,CZ,Liberecký
CZ-511,CZ,Česká Lípa
CZ-512,CZ,Jablonec nad Nisou
CZ-513,CZ,Liberec
CZ-514,CZ,Semily
CZ-52,CZ,Královéhradecký
CZ-521,CZ,Hradec Králové
CZ-522,CZ,Jičín
CZ-523,CZ,Náchod
CZ-524,CZ,Rychnov nad Kněžnou
CZ-525,CZ,Trutnov
CZ-53,CZ,Pardubický
CZ-531,CZ,Chrudim
CZ-532,CZ,Pardubice
CZ-533,CZ,Svitavy
CZ-534,CZ,Ústí nad Orlicí
CZ-63,CZ,Vysočina
CZ-631,CZ,Havlíčkův Brod
CZ-632,CZ,Jihlava
CZ-633,CZ,Pelhřimov
CZ-634,CZ,Třebíč
CZ-635,CZ,Žďár nad Sázavou
CZ-64,CZ,Jihomoravský
CZ-641,CZ,Blansko
CZ-642,CZ,Brno-město
CZ-643,CZ,Brno-venkov
CZ-644,CZ,Břeclav
CZ-645,CZ,Hodonín
CZ-646,CZ,Vyškov
CZ-647,CZ,Znojmo
CZ-71,CZ,Olomoucký
CZ-711,CZ,Jeseník
CZ-712,CZ,Olomouc
CZ-713,CZ,Prostějov
CZ-714,CZ,Přerov
CZ-715,CZ,Šumperk
CZ-72,CZ,Zlínský
CZ-721,CZ,Kroměříž
CZ-722,CZ,Uherské Hradiště
CZ-723,CZ,Vsetín
CZ-724,CZ,Zlín
CZ-80,CZ,Moravskoslezský
CZ-801,CZ,Bruntál
CZ-802,CZ,Frýdek-Místek
CZ-803,CZ,Karviná
CZ-804,CZ,Nový Jičín
CZ-805,CZ,Opava
CZ-806,CZ,Ostrava
DE-BB,DE,Brandenburg
DE-BE,DE,Berlin
DE-BW,DE,Baden-Württemberg
DE-BY,DE,Bavaria
DE-HB,DE,Bremen
DE-HE,DE,Hesse
DE-HH,DE,Hamburg
DE-MV,DE,Mecklenburg-Vorpommern
DE-NI,DE,Lower Saxony
DE-NW,DE,North Rhine-Westphalia
DE-RP,DE,Rhineland-Palatinate
DE-SH,DE,Schleswig-Holstein
DE-SL,DE,Saarland
DE-SN,DE,Saxony
DE-ST,DE,Saxony-Anhalt
DE-TH,DE,Thuringia
DJ-AR,DJ,Arta
DJ-AS,DJ,Ali Sabieh
DJ-DI,DJ,Dikhil
DJ-DJ,DJ,Djibouti
DJ-OB,DJ,Obock
DJ-TA,DJ,Tadjourah
DK-81,DK,Northern Denmark
DK-82,DK,Central Denmark
DK-83,DK,Southern Denmark
DK-84,DK,Capital Region
DK-85,DK,Zealand
DM-02,DM,Saint Andrew
DM-03,DM,Saint David
DM-04,DM,Saint George
DM-05,DM,Saint John
DM-06,DM,Saint Joseph
DM-07,DM,Saint Luke
DM-08,DM,Saint Mark
DM-09,DM,Saint Patrick
DM-10,DM,Saint Paul
DM-11,DM,Saint Peter
DO-01,DO,Distrito Nacional
DO-02,DO,Azua
DO-03,DO,Baoruco
DO-04,DO,Barahona
DO-05,DO,Dajabón
DO-06,DO,Duarte
DO-07,DO,Elías Piña
DO-08,DO,El Seibo
DO-09,DO,Espaillat
DO-10,DO,Independencia
DO-11,DO,La Altagracia
DO-12,DO,La Romana
DO-13,DO,La Vega
DO-14,DO,María Trinidad Sánchez
DO-15,DO,Monte Cristi
DO-16,DO,Pedernales
DO-17,DO,Peravia
DO-18,DO,Puerto Plata
DO-19,DO,Hermanas Mirabal
DO-20,DO,Samaná
DO-21,DO,San Cristóbal
DO-22,DO,San Juan
DO-23,DO,San Pedro de Macorís
DO-24,DO,Sánchez Ramírez
DO-25,DO,Santiago
DO-26,DO,Santiago Rodríguez
DO-27,DO,Valverde
DO-28,DO,Monseñor Nouel
DO-29,DO,Monte Plata
DO-30,DO,Hato Mayor
DO-31,DO,San José de Ocoa
DO-32,DO,Santo Domingo
DO-33,DO,Cibao Nordeste
DO-34,DO,Cibao Noroeste
DO-35,DO,Cibao Norte
DO-36,DO,Cibao Sur
DO-37,DO,El Valle
DO-38,DO,Enriquillo
DO-39,DO,Higüamo
DO-40,DO,Ozama
DO-41,DO,Valdesia
DO-42,DO,Yuma
DZ-01,DZ,Adrar
DZ-02,DZ,Chlef
DZ-03,DZ,Laghouat
DZ-04,DZ,Oum El Bouaghi
DZ-05,DZ,Batna
DZ-06,DZ,Béjaïa
DZ-07,DZ,Biskra
DZ-08,DZ,Béchar
DZ-09,DZ,Blida
DZ-10,DZ,Bouira
DZ-11,DZ,Tamanghasset
DZ-12,DZ,Tébessa
DZ-13,DZ,Tlemcen
DZ-14,DZ,Tiaret
DZ-15,DZ,Tizi Ouzou
DZ-16,DZ,Algiers
DZ-17,DZ,Djelfa
DZ-18,DZ,Jijel
DZ-19,DZ,Sétif
DZ-20,DZ,Saïda
DZ-21,DZ,Skikda
DZ-22,DZ,Sidi Bel Abbès
DZ-23,DZ,Annaba
DZ-24,DZ,Guelma
DZ-25,DZ,Constantine
DZ-26,DZ,Médéa
DZ-27,DZ,Mostaganem
DZ-28,DZ,M’Sila
DZ-29,DZ,Mascara
DZ-30,DZ,Ouargla
DZ-31,DZ,Oran
DZ-32,DZ,El Bayadh
DZ-33,DZ,Illizi
DZ-34,DZ,Bordj Bou Arréridj
DZ-35,DZ,Boumerdès
DZ-36,DZ,El Tarf
DZ-37,DZ,Tindouf
DZ-38,DZ,Tissemsilt
DZ-39,DZ,El Oued
DZ-40,DZ,Khenchela
DZ-41,DZ,Souk Ahras
DZ-42,DZ,Tipasa
DZ-43,DZ,Mila
DZ-44,DZ,Aïn Defla
DZ-45,DZ,Naama
DZ-46,DZ,Aïn Témouchent
DZ-47,DZ,Ghardaïa
DZ-48,DZ,Relizane
DZ-49,DZ,Timimoun
DZ-50,DZ,Bordj Badji Mokhtar
DZ-51,DZ,Ouled Djellal
DZ-52,DZ,Béni Abbès
DZ-53,DZ,In Salah
DZ-54,DZ,In Guezzam
DZ-55,DZ,Touggourt
DZ-56,DZ,Djanet
DZ-57,DZ,El Meghaier
DZ-58,DZ,El Meniaa
EC-A,EC,Azuay
EC-B,EC,Bolívar
EC-C,EC,Carchi
EC-D,EC,Orellana
EC-E,EC,Esmeraldas
EC-F,EC,Cañar
EC-G,EC,Guayas
EC-H,EC,Chimborazo
EC-I,EC,Imbabura
EC-L,EC,Loja
EC-M,EC,Manabí
EC-N,EC,Napo
EC-O,EC,El Oro
EC-P,EC,Pichincha
EC-R,EC,Los Ríos
EC-S,EC,Morona-Santiago
EC-SD,EC,Santo Domingo de los Tsáchilas
EC-SE,EC,Santa Elena
EC-T,EC,Tungurahua
EC-U,EC,Sucumbíos
EC-W,EC,Galápagos
EC-X,EC,Cotopaxi
EC-Y,EC,Pastaza
EC-Z,EC,Zamora-Chinchipe
EE-130,EE,Alutaguse
EE-141,EE,Anija
EE-142,EE,Antsla
EE-171,EE,Elva
EE-184,EE,Haapsalu
EE-191,EE,Haljala
EE-198,EE,Harku
EE-205,EE,Hiiumaa
EE-214,EE,Häädemeeste
EE-245,EE,Jõelähtme
EE-247,EE,Jõgeva
EE-251,EE,Jõhvi
EE-255,EE,Järva
EE-272,EE,Kadrina
EE-283,EE,Kambja
EE-284,EE,Kanepi
EE-291,EE,Kastre
EE-293,EE,Kehtna
EE-296,EE,Keila
EE-303,EE,Kihnu
EE-305,EE,Kiili
EE-317,EE,Kohila
EE-321,EE,Kohtla-Järve
EE-338,EE,Kose
EE-353,EE,Kuusalu
EE-37,EE,Harju
EE-39,EE,Hiiu
EE-424,EE,Loksa
EE-430,EE,Lääneranna
EE-431,EE,Lääne-Harju
EE-432,EE,Luunja
EE-44,EE,Ida-Viru
EE-441,EE,Lääne-Nigula
EE-442,EE,Lüganuse
EE-446,EE,Maardu
EE-45,EE,Ida-Virumaa
EE-478,EE,Muhu
EE-480,EE,Mulgi
EE-486,EE,Mustvee
EE-50,EE,Jõgevamaa
EE-503,EE,Märjamaa
EE-511,EE,Narva
EE-514,EE,Narva-Jõesuu
EE-52,EE,Järvamaa
EE-528,EE,Nõo
EE-557,EE,Otepää
EE-56,EE,Läänemaa
EE-567,EE,Paide
EE-57,EE,Lääne
EE-586,EE,Peipsiääre
EE-59,EE,Lääne-Viru
EE-60,EE,Lääne-Virumaa
EE-615,EE,Põhja-Sakala
EE-618,EE,Põltsamaa
EE-622,EE,Põlva
EE-624,EE,Pärnu
EE-638,EE,Põhja-Pärnumaa
EE-64,EE,Põlvamaa
EE-651,EE,Raasiku
EE-653,EE,Rae
EE-661,EE,Rakvere
EE-663,EE,Rakvere²
EE-668,EE,Rapla
EE-68,EE,Pärnumaa
EE-689,EE,Ruhnu
EE-698,EE,Rõuge
EE-708,EE,Räpina
EE-71,EE,Raplamaa
EE-712,EE,Saarde
EE-714,EE,Saaremaa
EE-719,EE,Saku
EE-726,EE,Saue
EE-732,EE,Setomaa
EE-735,EE,Sillamäe
EE-74,EE,Saare
EE-784,EE,Tallinn
EE-79,EE,Tartumaa
EE-792,EE,Tapa
EE-793,EE,Tartu
EE-796,EE,Tartu²
EE-803,EE,Toila
EE-809,EE,Tori
EE-81,EE,Valgamaa
EE-824,EE,Tõrva
EE-834,EE,Türi
EE-84,EE,Viljandi
EE-855,EE,Valga
EE-87,EE,Võrumaa
EE-890,EE,Viimsi
EE-897,EE,Viljandi²
EE-899,EE,Viljandi³
EE-901,EE,Vinni
EE-903,EE,Viru-Nigula
EE-907,EE,Vormsi
EE-917,EE,Võru²
EE-919,EE,Võru
EE-928,EE,Väike-Maarja
EG-ALX,EG,Alexandria
EG-ASN,EG,Aswan
EG-AST,EG,Asyut
EG-BA,EG,Red Sea
EG-BH,EG,Beheira
EG-BNS,EG,Beni Suef
EG-C,EG,Cairo
EG-DK,EG,Dakahlia
EG-DT,EG,Damietta
EG-FYM,EG,Faiyum
EG-GH,EG,Gharbia
EG-GZ,EG,Giza
EG-IS,EG,Ismailia
EG-JS,EG,South Sinai
EG-KB,EG,Qalyubia
EG-KFS,EG,Kafr el-Sheikh
EG-KN,EG,Qena
EG-LX,EG,Luxor
EG-MN,EG,Minya
EG-MNF,EG,Monufia
EG-MT,EG,Matrouh
EG-PTS,EG,Port Said
EG-SHG,EG,Sohag
EG-SHR,EG,Al Sharqia
EG-SIN,EG,North Sinai
EG-SUZ,EG,Suez
EG-WAD,EG,New Valley
ER-AN,ER,Anseba
ER-DK,ER,Southern Red Sea
ER-DU,ER,Debub
ER-GB,ER,Gash-Barka
ER-MA,ER,Maekel
ER-SK,ER,Northern Red Sea
ES-A,ES,Alicante
ES-AB,ES,Albacete
ES-AL,ES,Almería
ES-AN,ES,Andalusia
ES-AR,ES,Aragon
ES-AS,ES,Asturias
ES-AV,ES,Ávila
ES-B,ES,Barcelona
ES-BA,ES,Badajoz
ES-BI,ES,Biscay
ES-BU,ES,Burgos
ES-C,ES,A Coruña
ES-CA,ES,Cádiz
ES-CB,ES,Cantabria
ES-CC,ES,Cáceres
ES-CE,ES,Ceuta
ES-CL,ES,Castile and León
ES-CM,ES,Castile-La Mancha
ES-CN,ES,Canary Islands
ES-CO,ES,Córdoba
ES-CR,ES,Ciudad Real
ES-CS,ES,Castellón
ES-CT,ES,Catalonia
ES-CU,ES,Cuenca
ES-EX,ES,Extremadura
ES-GA,ES,Galicia
ES-GC,ES,Las Palmas
ES-GI,ES,Girona
ES-GR,ES,Granada
ES-GU,ES,Guadalajara
ES-H,ES,Huelva
ES-HU,ES,Huesca
ES-IB,ES,Balearic Islands
ES-J,ES,Jaén
ES-L,ES,Lleida
ES-LE,ES,León
ES-LO,ES,La Rioja Province
ES-LU,ES,Lugo
ES-M,ES,Madrid Province
ES-MA,ES,Málaga
ES-MC,ES,Murcia Region
ES-MD,ES,Madrid Autonomous Community
ES-ML,ES,Melilla
ES-MU,ES,Murcia
ES-NA,ES,Navarra
ES-NC,ES,Navarra Chartered Community
ES-O,ES,Asturias Province
ES-OR,ES,Ourense
ES-P,ES,Palencia
ES-PM,ES,Balears Province
ES-PO,ES,Pontevedra
ES-PV,ES,Basque Country
ES-RI,ES,La Rioja
ES-S,ES,Cantabria Province
ES-SA,ES,Salamanca
ES-SE,ES,Seville
ES-SG,ES,Segovia
ES-SO,ES,Soria
ES-SS,ES,Gipuzkoa
ES-T,ES,Tarragona
ES-TE,ES,Teruel
ES-TF,ES,Santa Cruz de Tenerife
ES-TO,ES,Toledo
ES-V,ES,Valencia
ES-VA,ES,Valladolid
ES-VC,ES,Valencian Community
ES-VI,ES,Álava
ES-Z,ES,Zaragoza
ES-ZA,ES,Zamora
ET-AA,ET,Addis Ababa
ET-AF,ET,Afar
ET-AM,ET,Amhara
ET-BE,ET,Benishangul-Gumuz
ET-DD,ET,Dire Dawa
ET-GA,ET,Gambela
ET-HA,ET,Harari
ET-OR,ET,Oromia
ET-SI,ET,Sidama
ET-SN,ET,"Southern Nations, Nationalities, and Peoples"
ET-SO,ET,Somali
ET-SW,ET,Southwest Ethiopia Peoples
ET-TI,ET,Tigray
FI-02,FI,South Karelia
FI-03,FI,Southern Ostrobothnia
FI-04,FI,Southern Savonia
FI-05,FI,Kainuu
FI-06,FI,Tavastia Proper
FI-07,FI,Central Ostrobothnia
FI-08,FI,Central Finland
FI-09,FI,Kymenlaakso
FI-10,FI,Lapland
FI-11,FI,Pirkanmaa
FI-12,FI,Ostrobothnia
FI-13,FI,North Karelia
FI-14,FI,Northern Ostrobothnia
FI-15,FI,Northern Savonia
FI-16,FI,Päijänne Tavastia
FI-17,FI,Satakunta
FI-18,FI,Uusimaa
FI-19,FI,Southwest Finland
FJ-01,FJ,Ba
FJ-02,FJ,Bua
FJ-03,FJ,Cakaudrove
FJ-04,FJ,Kadavu
FJ-05,FJ,Lau
FJ-06,FJ,Lomaiviti
FJ-07,FJ,Macuata
FJ-08,FJ,Nadroga-Navosa
FJ-09,FJ,Naitasiri
FJ-10,FJ,Namosi
FJ-11,FJ,Ra
FJ-12,FJ,Rewa
FJ-13,FJ,Serua
FJ-14,FJ,Tailevu
FJ-C,FJ,Central
FJ-E,FJ,Eastern
FJ-N,FJ,Northern
FJ-R,FJ,Rotuma
FJ-W,FJ,Western
FM-KSA,FM,Kosrae
FM-PNI,FM,Pohnpei
FM-TRK,FM,Chuuk
FM-YAP,FM,Yap
FR-01,FR,Ain
FR-02,FR,Aisne
FR-03,FR,Allier
FR-04,FR,Alpes-de-Haute-Provence
FR-05,FR,Hautes-Alpes
FR-06,FR,Alpes-Maritimes
FR-07,FR,Ardèche
FR-08,FR,Ardennes
FR-09,FR,Ariège
FR-10,FR,Aube
FR-11,FR,Aude
FR-12,FR,Aveyron
FR-13,FR,Bouches-du-Rhône
FR-14,FR,Calvados
FR-15,FR,Cantal
FR-16,FR,Charente
FR-17,FR,Charente-Maritime
FR-18,FR,Cher
FR-19,FR,Corrèze
FR-20R,FR,Corse
FR-21,FR,Côte-d’Or
FR-22,FR,Côtes-d’Armor
FR-23,FR,Creuse
FR-24,FR,Dordogne
FR-25,FR,Doubs
FR-26,FR,Drôme
FR-27,FR,Eure
FR-28,FR,Eure-et-Loir
FR-29,FR,Finistère
FR-2A,FR,Corse-du-Sud
FR-2B,FR,Haute-Corse
FR-30,FR,Gard
FR-31,FR,Haute-Garonne
FR-32,FR,Gers
FR-33,FR,Gironde
FR-34,FR,Hérault
FR-35,FR,Ille-et-Vilaine
FR-36,FR,Indre
FR-37,FR,Indre-et-Loire
FR-38,FR,Isère
FR-39,FR,Jura
FR-40,FR,Landes
FR-41,FR,Loir-et-Cher
FR-42,FR,Loire
FR-43,FR,Haute-Loire
FR-44,FR,Loire-Atlantique
FR-45,FR,Loiret
FR-46,FR,Lot
FR-47,FR,Lot-et-Garonne
FR-48,FR,Lozère
FR-49,FR,Maine-et-Loire
FR-50,FR,Manche
FR-51,FR,Marne
FR-52,FR,Haute-Marne
FR-53,FR,Mayenne
FR-54,FR,Meurthe-et-Moselle
FR-55,FR,Meuse
FR-56,FR,Morbihan
FR-57,FR,Moselle
FR-58,FR,Nièvre
FR-59,FR,Nord
FR-60,FR,Oise
FR-61,FR,Orne
FR-62,FR,Pas-de-Calais
FR-63,FR,Puy-de-Dôme
FR-64,FR,Pyrénées-Atlantiques
FR-65,FR,Hautes-Pyrénées
FR-66,FR,Pyrénées-Orientales
FR-67,FR,Bas-Rhin
FR-68,FR,Haut-Rhin
FR-69,FR,Rhône
FR-69M,FR,Métropole de Lyon
FR-6AE,FR,Alsace
FR-70,FR,Haute-Saône
FR-71,FR,Saône-et-Loire
FR-72,FR,Sarthe
FR-73,FR,Savoie
FR-74,FR,Haute-Savoie
FR-75C,FR,Paris
FR-76,FR,Seine-Maritime
FR-77,FR,Seine-et-Marne
FR-78,FR,Yvelines
FR-79,FR,Deux-Sèvres
FR-80,FR,Somme
FR-81,FR,Tarn
FR-82,FR,Tarn-et-Garonne
FR-83,FR,Var
FR-84,FR,Vaucluse
FR-85,FR,Vendée
FR-86,FR,Vienne
FR-87,FR,Haute-Vienne
FR-88,FR,Vosges
FR-89,FR,Yonne
FR-90,FR,Territoire de Belfort
FR-91,FR,Essonne
FR-92,FR,Hauts-de-Seine
FR-93,FR,Seine-Saint-Denis
FR-94,FR,Val-de-Marne
FR-95,FR,Val-d’Oise
FR-971,FR,Guadeloupe
FR-972,FR,Martinique
FR-973,FR,Guyane (française)
FR-974,FR,La Réunion
FR-976,FR,Mayotte
FR-ARA,FR,Auvergne-Rhône-Alpes
FR-BFC,FR,Burgundy-Franche-Comté
FR-BRE,FR,Brittany
FR-COR,FR,Corsica
FR-CVL,FR,Centre-Val de Loire
FR-GES,FR,Grand-Est
FR-HDF,FR,Hauts-de-France
FR-IDF,FR,Île-de-France²
FR-NAQ,FR,Nouvelle-Aquitaine
FR-NOR,FR,Normandie
FR-OCC,FR,Occitanie
FR-PAC,FR,Provence-Alpes-Côte-d’Azur
FR-PDL,FR,Pays-de-la-Loire
GA-1,GA,Estuaire
GA-2,GA,Haut-Ogooué
GA-3,GA,Moyen-Ogooué
GA-4,GA,Ngounié
GA-5,GA,Nyanga
GA-6,GA,Ogooué-Ivindo
GA-7,GA,Ogooué-Lolo
GA-8,GA,Ogooué-Maritime
GA-9,GA,Woleu-Ntem
GB-ABC,GB,"Armagh, Banbridge and Craigavon"
GB-ABD,GB,Aberdeenshire
GB-ABE,GB,Aberdeen
GB-AGB,GB,Argyll and Bute
GB-AGY,GB,Anglesey
GB-AND,GB,Ards and North Down
GB-ANN,GB,Antrim and Newtownabbey
GB-ANS,GB,Angus
GB-ANT,GB,Antrim
GB-ARD,GB,Ards
GB-ARM,GB,Armagh
GB-BAS,GB,Bath and North East Somerset
GB-BBD,GB,Blackburn with Darwen
GB-BCP,GB,"Bournemouth, Christchurch and Poole"
GB-BDF,GB,Bedford
GB-BDG,GB,Barking and Dagenham
GB-BEN,GB,Brent
GB-BEX,GB,Bexley
GB-BFS,GB,Belfast
GB-BGE,GB,Bridgend
GB-BGW,GB,Blaenau Gwent
GB-BIR,GB,Birmingham
GB-BKM,GB,Buckinghamshire
GB-BLA,GB,Ballymena
GB-BLY,GB,Ballymoney
GB-BMH,GB,Bournemouth
GB-BNB,GB,Banbridge
GB-BNE,GB,Barnet
GB-BNH,GB,Brighton and Hove
GB-BNS,GB,Barnsley
GB-BOL,GB,Bolton
GB-BPL,GB,Blackpool
GB-BRC,GB,Bracknell Forest
GB-BRD,GB,Bradford
GB-BRY,GB,Bromley
GB-BST,GB,Bristol
GB-BUR,GB,Bury
GB-CAM,GB,Cambridgeshire
GB-CAY,GB,Caerphilly
GB-CBF,GB,Central Bedfordshire
GB-CCG,GB,Causeway Coast and Glens
GB-CGN,GB,Ceredigion
GB-CGV,GB,Craigavon
GB-CHE,GB,Cheshire East
GB-CHW,GB,Cheshire West and Chester
GB-CKF,GB,Carrickfergus
GB-CKT,GB,Cookstown
GB-CLD,GB,Calderdale
GB-CLK,GB,Clackmannanshire
GB-CLR,GB,Coleraine
GB-CMA,GB,Cumbria
GB-CMD,GB,Camden
GB-CMN,GB,Carmarthenshire
GB-CON,GB,Cornwall
GB-COV,GB,Coventry
GB-CRF,GB,Cardiff
GB-CRY,GB,Croydon
GB-CSR,GB,Castlereagh
GB-CWY,GB,Conwy
GB-DAL,GB,Darlington
GB-DBY,GB,Derbyshire
GB-DEN,GB,Denbighshire
GB-DER,GB,Derby
GB-DEV,GB,Devon
GB-DGN,GB,Dungannon and South Tyrone
GB-DGY,GB,Dumfries and Galloway
GB-DNC,GB,Doncaster
GB-DND,GB,Dundee
GB-DOR,GB,Dorset
GB-DOW,GB,Down
GB-DRS,GB,Derry and Strabane
GB-DRY,GB,Derry
GB-DUD,GB,Dudley
GB-DUR,GB,Durham
GB-EAL,GB,Ealing
GB-EAW,GB,England and Wales
GB-EAY,GB,East Ayrshire
GB-EDH,GB,Edinburgh
GB-EDU,GB,East Dunbartonshire
GB-ELN,GB,East Lothian
GB-ELS,GB,Outer Hebrides
GB-ENF,GB,Enfield
GB-ENG,GB,England
GB-ERW,GB,East Renfrewshire
GB-ERY,GB,East Riding of Yorkshire
GB-ESS,GB,Essex
GB-ESX,GB,East Sussex
GB-FAL,GB,Falkirk
GB-FER,GB,Fermanagh
GB-FIF,GB,Fife
GB-FLN,GB,Flintshire
GB-FMO,GB,Fermanagh and Omagh
GB-GAT,GB,Gateshead
GB-GBN,GB,Great Britain
GB-GLG,GB,Glasgow
GB-GLS,GB,Gloucestershire
GB-GRE,GB,Greenwich
GB-GWN,GB,Gwynedd
GB-HAL,GB,Halton
GB-HAM,GB,Hampshire
GB-HAV,GB,Havering
GB-HCK,GB,Hackney
GB-HEF,GB,Herefordshire
GB-HIL,GB,Hillingdon
GB-HLD,GB,Highland
GB-HMF,GB,Hammersmith and Fulham
GB-HNS,GB,Hounslow
GB-HPL,GB,Hartlepool
GB-HRT,GB,Hertfordshire
GB-HRW,GB,Harrow
GB-HRY,GB,Haringey
GB-IOS,GB,Isles of Scilly
GB-IOW,GB,Isle of Wight
GB-ISL,GB,Islington
GB-IVC,GB,Inverclyde
GB-KEC,GB,Kensington and Chelsea
GB-KEN,GB,Kent
GB-KHL,GB,Kingston upon Hull
GB-KIR,GB,Kirklees
GB-KTT,GB,Kingston upon Thames
GB-KWL,GB,Knowsley
GB-LAN,GB,Lancashire
GB-LBC,GB,Lisburn and Castlereagh
GB-LBH,GB,Lambeth
GB-LCE,GB,Leicester
GB-LDS,GB,Leeds
GB-LEC,GB,Leicestershire
GB-LEW,GB,Lewisham
GB-LIN,GB,Lincolnshire
GB-LIV,GB,Liverpool
GB-LMV,GB,Limavady
GB-LND,GB,London
GB-LRN,GB,Larne
GB-LSB,GB,Lisburn
GB-LUT,GB,Luton
GB-MAN,GB,Manchester
GB-MDB,GB,Middlesbrough
GB-MDW,GB,Medway
GB-MEA,GB,Mid and East Antrim
GB-MFT,GB,Magherafelt
GB-MIK,GB,Milton Keynes
GB-MLN,GB,Midlothian
GB-MON,GB,Monmouthshire
GB-MRT,GB,Merton
GB-MRY,GB,Moray
GB-MTY,GB,Merthyr Tydfil
GB-MUL,GB,Mid Ulster
GB-MYL,GB,Moyle
GB-NAY,GB,North Ayrshire
GB-NBL,GB,Northumberland
GB-NDN,GB,North Down
GB-NEL,GB,North East Lincolnshire
GB-NET,GB,Newcastle upon Tyne
GB-NFK,GB,Norfolk
GB-NGM,GB,Nottingham
GB-NIR,GB,Northern Ireland
GB-NLK,GB,North Lanarkshire
GB-NLN,GB,North Lincolnshire
GB-NMD,GB,"Newry, Mourne and Down"
GB-NNH,GB,North Northamptonshire
GB-NSM,GB,North Somerset
GB-NTA,GB,Newtownabbey
GB-NTH,GB,Northamptonshire
GB-NTL,GB,Neath Port Talbot
GB-NTT,GB,Nottinghamshire
GB-NTY,GB,North Tyneside
GB-NWM,GB,Newham
GB-NWP,GB,Newport
GB-NYK,GB,North Yorkshire
GB-NYM,GB,Newry and Mourne
GB-OLD,GB,Oldham
GB-OMH,GB,Omagh
GB-ORK,GB,Orkney Islands
GB-OXF,GB,Oxfordshire
GB-PEM,GB,Pembrokeshire
GB-PKN,GB,Perth and Kinross
GB-PLY,GB,Plymouth
GB-POL,GB,Poole
GB-POR,GB,Portsmouth
GB-POW,GB,Powys
GB-PTE,GB,Peter
GB-RCC,GB,Redcar and Cleveland
GB-RCH,GB,Rochdale
GB-RCT,GB,Rhondda Cynon Taf
GB-RDB,GB,Redbridge
GB-RDG,GB,Reading
GB-RFW,GB,Renfrewshire
GB-RIC,GB,Richmond upon Thames
GB-ROT,GB,Rotherham
GB-RUT,GB,Rutland
GB-SAW,GB,Sandwell
GB-SAY,GB,South Ayrshire
GB-SCB,GB,Scottish Borders
GB-SCT,GB,Scotland
GB-SFK,GB,Suffolk
GB-SFT,GB,Sefton
GB-SGC,GB,South Gloucestershire
GB-SHF,GB,Sheffield
GB-SHN,GB,Saint Helens
GB-SHR,GB,Shropshire
GB-SKP,GB,Stockport
GB-SLF,GB,Salford
GB-SLG,GB,Slough
GB-SLK,GB,South Lanarkshire
GB-SND,GB,Sunderland
GB-SOL,GB,Solihull
GB-SOM,GB,Somerset
GB-SOS,GB,Southend-on-Sea
GB-SRY,GB,Surrey
GB-STB,GB,Strabane
GB-STE,GB,Stoke-on-Trent
GB-STG,GB,Stirling
GB-STH,GB,Southampton
GB-STN,GB,Sutton
GB-STS,GB,Staffordshire
GB-STT,GB,Stockton-on-Tees
GB-STY,GB,South Tyneside
GB-SWA,GB,Swansea
GB-SWD,GB,Swindon
GB-SWK,GB,Southwark
GB-TAM,GB,Tameside
GB-TFW,GB,Telford and Wrekin
GB-THR,GB,Thurrock
GB-TOB,GB,Torbay
GB-TOF,GB,Torfaen
GB-TRF,GB,Trafford
GB-TWH,GB,Tower Hamlets
GB-UKM,GB,United Kingdom
GB-VGL,GB,Vale of Glamorgan
GB-WAR,GB,Warwickshire
GB-WBK,GB,West Berkshire
GB-WDU,GB,West Dunbartonshire
GB-WFT,GB,Waltham Forest
GB-WGN,GB,Wigan
GB-WIL,GB,Wiltshire
GB-WKF,GB,Wakefield
GB-WLL,GB,Walsall
GB-WLN,GB,West Lothian
GB-WLS,GB,Wales
GB-WLV,GB,Wolverhampton
GB-WND,GB,Wandsworth
GB-WNH,GB,West Northamptonshire
GB-WNM,GB,Windsor and Maidenhead
GB-WOK,GB,Wokingham
GB-WOR,GB,Worcestershire
GB-WRL,GB,Wirral
GB-WRT,GB,Warrington
GB-WRX,GB,Wrexham
GB-WSM,GB,Westminster
GB-WSX,GB,West Sussex
GB-YOR,GB,York
GB-ZET,GB,Shetland
GD-01,GD,Saint Andrew
GD-02,GD,Saint David
GD-03,GD,Saint George
GD-04,GD,Saint John
GD-05,GD,Saint Mark
GD-06,GD,Saint Patrick
GD-10,GD,Carriacou and Petite Martinique
GE-AB,GE,Abkhazia
GE-AJ,GE,Adjara
GE-GU,GE,Guria
GE-IM,GE,Imereti
GE-KA,GE,Kakheti
GE-KK,GE,Kvemo Kartli
GE-MM,GE,Mtskheta-Mtianeti
GE-RL,GE,Racha-Lechkhumi and Kvemo Svaneti
GE-SJ,GE,Samtskhe-Javakheti
GE-SK,GE,Shida Kartli
GE-SZ,GE,Samegrelo-Zemo Svaneti
GE-TB,GE,Tbilisi
GH-AA,GH,Greater Accra
GH-AF,GH,Ahafo
GH-AH,GH,Ashanti
GH-BA,GH,Brong-Ahafo
GH-BE,GH,Bono East
GH-BO,GH,Bono
GH-CP,GH,Central
GH-EP,GH,Eastern
GH-NE,GH,North East
GH-NP,GH,Northern
GH-OT,GH,Oti
GH-SV,GH,Savannah
GH-TV,GH,Volta
GH-UE,GH,Upper East
GH-UW,GH,Upper West
GH-WN,GH,Western North
GH-WP,GH,Western
GL-AV,GL,Avannaata Kommunia
GL-KU,GL,Kujalleq
GL-QA,GL,Qaasuitsup
GL-QE,GL,Qeqqata
GL-QT,GL,Kommune Qeqertalik
GL-SM,GL,Sermersooq
GM-B,GM,Banjul
GM-L,GM,Lower River Division
GM-M,GM,Central River Division
GM-N,GM,North Bank Division
GM-U,GM,Upper River Division
GM-W,GM,West Coast Division
GN-B,GN,Boké Region
GN-BE,GN,Beyla
GN-BF,GN,Boffa
GN-BK,GN,Boké
GN-C,GN,Conakry
GN-CO,GN,Coyah
GN-D,GN,Kindia Region
GN-DB,GN,Dabola
GN-DI,GN,Dinguiraye
GN-DL,GN,Dalaba
GN-DU,GN,Dubréka
GN-F,GN,Faranah Region
GN-FA,GN,Faranah
GN-FO,GN,Forécariah
GN-FR,GN,Fria
GN-GA,GN,Gaoual
GN-GU,GN,Guéckédou
GN-K,GN,Kankan Region
GN-KA,GN,Kankan
GN-KB,GN,Koubia
GN-KD,GN,Kindia
GN-KE,GN,Kérouané
GN-KN,GN,Koundara
GN-KO,GN,Kouroussa
GN-KS,GN,Kissidougou
GN-L,GN,Labé Region
GN-LA,GN,Labé
GN-LE,GN,Lélouma
GN-LO,GN,Lola
GN-M,GN,Mamou Region
GN-MC,GN,Macenta
GN-MD,GN,Mandiana
GN-ML,GN,Mali
GN-MM,GN,Mamou
GN-N,GN,Nzérékoré Region
GN-NZ,GN,Nzérékoré
GN-PI,GN,Pita
GN-SI,GN,Siguiri
GN-TE,GN,Télimélé
GN-TO,GN,Tougué
GN-YO,GN,Yomou
GQ-AN,GQ,Annobón
GQ-BN,GQ,Bioko Norte
GQ-BS,GQ,Bioko Sur
GQ-C,GQ,Río Muni
GQ-CS,GQ,Centro Sur
GQ-DJ,GQ,Djibloho
GQ-I,GQ,Insular
GQ-KN,GQ,Kié-Ntem
GQ-LI,GQ,Litoral
GQ-WN,GQ,Wele-Nzas
GR-01,GR,Aetolia-Acarnania
GR-03,GR,Boeotia
GR-04,GR,Euboea
GR-05,GR,Evritania
GR-06,GR,Phthiotis
GR-07,GR,Phocis
GR-11,GR,Argolis
GR-12,GR,Arcadia
GR-13,GR,Achaea
GR-14,GR,Ilia
GR-15,GR,Corinthia
GR-16,GR,Laconia
GR-17,GR,Messenia
GR-21,GR,Zakynthos
GR-22,GR,Corfu
GR-23,GR,Kefalonia
GR-24,GR,Lefkada
GR-31,GR,Arta
GR-32,GR,Thesprotia
GR-33,GR,Ioannina
GR-34,GR,Preveza
GR-41,GR,Karditsa
GR-42,GR,Larissa
GR-43,GR,Magnesia
GR-44,GR,Trikala
GR-51,GR,Grevena
GR-52,GR,Drama
GR-53,GR,Imathia
GR-54,GR,Thessaloniki
GR-55,GR,Kavala
GR-56,GR,Kastoria
GR-57,GR,Kilkis
GR-58,GR,Kozani
GR-59,GR,Pella
GR-61,GR,Pieria
GR-62,GR,Serres
GR-63,GR,Florina
GR-64,GR,Chalkidiki
GR-69,GR,Mount Athos
GR-71,GR,Evros
GR-72,GR,Xanthi
GR-73,GR,Rhodope
GR-81,GR,Dodecanese
GR-82,GR,Cyclades
GR-83,GR,Lesbos
GR-84,GR,Samos
GR-85,GR,Chios
GR-91,GR,Heraklion region
GR-92,GR,Lasithi
GR-93,GR,Rethymno
GR-94,GR,Chania
GR-A,GR,East Macedonia and Thrace
GR-A1,GR,Attica Department
GR-B,GR,Central Macedonia
GR-C,GR,West Macedonia
GR-D,GR,Epirus
GR-E,GR,Thessaly
GR-F,GR,Ionian Islands
GR-G,GR,West Greece
GR-H,GR,Central Greece
GR-I,GR,Attica
GR-J,GR,Peloponnese
GR-K,GR,North Aegean
GR-L,GR,South Aegean
GR-M,GR,Crete
GT-01,GT,Guatemala
GT-02,GT,El Progreso
GT-03,GT,Sacatepéquez
GT-04,GT,Chimaltenango
GT-05,GT,Escuintla
GT-06,GT,Santa Rosa
GT-07,GT,Sololá
GT-08,GT,Totonicapán
GT-09,GT,Quetzaltenango
GT-10,GT,Suchitepéquez
GT-11,GT,Retalhuleu
GT-12,GT,San Marcos
GT-13,GT,Huehuetenango
GT-14,GT,Quiché
GT-15,GT,Baja Verapaz
GT-16,GT,Alta Verapaz
GT-17,GT,Petén
GT-18,GT,Izabal
GT-19,GT,Zacapa
GT-20,GT,Chiquimula
GT-21,GT,Jalapa
GT-22,GT,Jutiapa
GW-BA,GW,Bafatá
GW-BL,GW,Bolama
GW-BM,GW,Biombo
GW-BS,GW,Bissau
GW-CA,GW,Cacheu
GW-GA,GW,Gabú
GW-L,GW,Leste
GW-N,GW,Norte
GW-OI,GW,Oio
GW-QU,GW,Quinara
GW-S,GW,Sul
GW-TO,GW,Tombali
GY-BA,GY,Barima-Waini
GY-CU,GY,Cuyuni-Mazaruni
GY-DE,GY,Demerara-Mahaica
GY-EB,GY,East Berbice-Corentyne
GY-ES,GY,Essequibo Islands-West Demerara
GY-MA,GY,Mahaica-Berbice
GY-PM,GY,Pomeroon-Supenaam
GY-PT,GY,Potaro-Siparuni
GY-UD,GY,Upper Demerara-Berbice
GY-UT,GY,Upper Takutu-Upper Essequibo
HN-AT,HN,Atlántida
HN-CH,HN,Choluteca
HN-CL,HN,Colón
HN-CM,HN,Comayagua
HN-CP,HN,Copán
HN-CR,HN,Cortés
HN-EP,HN,El Paraíso
HN-FM,HN,Francisco Morazán
HN-GD,HN,Gracias a Dios
HN-IB,HN,Bay Islands
HN-IN,HN,Intibucá
HN-LE,HN,Lempira
HN-LP,HN,La Paz
HN-OC,HN,Ocotepeque
HN-OL,HN,Olancho
HN-SB,HN,Santa Bárbara
HN-VA,HN,Valle
HN-YO,HN,Yoro
HR-01,HR,Zagreb County
HR-02,HR,Krapina-Zagorje
HR-03,HR,Sisak-Moslavina
HR-04,HR,Karlovac
HR-05,HR,Varaždin
HR-06,HR,Koprivnica-Križevci
HR-07,HR,Bjelovar-Bilogora
HR-08,HR,Primorje-Gorski Kotar
HR-09,HR,Lika-Senj
HR-10,HR,Virovitica-Podravina
HR-11,HR,Požega-Slavonia
HR-12,HR,Brod-Posavina
HR-13,HR,Zadar
HR-14,HR,Osijek-Baranja
HR-15,HR,Šibenik-Knin
HR-16,HR,Vukovar-Syrmia
HR-17,HR,Split-Dalmatia
HR-18,HR,Istria
HR-19,HR,Dubrovnik-Neretva
HR-20,HR,Međimurje
HR-21,HR,Zagreb
HT-AR,HT,Artibonite
HT-CE,HT,Centre
HT-GA,HT,Grand’Anse
HT-ND,HT,Nord
HT-NE,HT,Nord-Est
HT-NI,HT,Nippes
HT-NO,HT,Nord-Ouest
HT-OU,HT,Ouest
HT-SD,HT,Sud
HT-SE,HT,Sud-Est
HU-BA,HU,Baranya
HU-BC,HU,Békéscsaba
HU-BE,HU,Békés
HU-BK,HU,Bács-Kiskun
HU-BU,HU,Budapest
HU-BZ,HU,Borsod-Abaúj-Zemplén
HU-CS,HU,Csongrád
HU-DE,HU,Debrecen
HU-DU,HU,Dunaújváros
HU-EG,HU,Eger
HU-ER,HU,Érd
HU-FE,HU,Fejér
HU-GS,HU,Győr-Moson-Sopron
HU-GY,HU,Győr
HU-HB,HU,Hajdú-Bihar
HU-HE,HU,Heves
HU-HV,HU,Hódmezővásárhely
HU-JN,HU,Jász-Nagykun-Szolnok
HU-KE,HU,Komárom-Esztergom
HU-KM,HU,Kecskemét
HU-KV,HU,Kaposvár
HU-MI,HU,Miskolc
HU-NK,HU,Nagykanizsa
HU-NO,HU,Nógrád
HU-NY,HU,Nyíregyháza
HU-PE,HU,Pest
HU-PS,HU,Pécs
HU-SD,HU,Szeged
HU-SF,HU,Székesfehérvár
HU-SH,HU,Szombathely
HU-SK,HU,Szolnok
HU-SN,HU,Sopron
HU-SO,HU,Somogy
HU-SS,HU,Szekszárd
HU-ST,HU,Salgótarján
HU-SZ,HU,Szabolcs-Szatmár-Bereg
HU-TB,HU,Tatabánya
HU-TO,HU,Tolna
HU-VA,HU,Vas
HU-VE,HU,Veszprém County
HU-VM,HU,Veszprém
HU-ZA,HU,Zala
HU-ZE,HU,Zalaegerszeg
ID-AC,ID,Aceh
ID-BA,ID,Bali
ID-BB,ID,Bangka–Belitung Islands
ID-BE,ID,Bengkulu
ID-BT,ID,Banten
ID-GO,ID,Gorontalo
ID-JA,ID,Jambi
ID-JB,ID,West Java
ID-JI,ID,East Java
ID-JK,ID,Jakarta
ID-JT,ID,Central Java
ID-JW,ID,Java
ID-KA,ID,Kalimantan
ID-KB,ID,West Kalimantan
ID-KI,ID,East Kalimantan
ID-KR,ID,Riau Islands
ID-KS,ID,South Kalimantan
ID-KT,ID,Central Kalimantan
ID-KU,ID,North Kalimantan
ID-LA,ID,Lampung
ID-MA,ID,Maluku
ID-ML,ID,Maluku Islands
ID-MU,ID,North Maluku
ID-NB,ID,West Nusa Tenggara
ID-NT,ID,East Nusa Tenggara
ID-NU,ID,Lesser Sunda Islands
ID-PA,ID,Papua
ID-PB,ID,West Papua
ID-PD,ID,Papua Barat Daya
ID-PE,ID,Papua Pengunungan
ID-PP,ID,Papua Islands
ID-PS,ID,Papua Selatan
ID-PT,ID,Papua Tengah
ID-RI,ID,Riau
ID-SA,ID,North Sulawesi
ID-SB,ID,West Sumatra
ID-SG,ID,Southeast Sulawesi
ID-SL,ID,Sulawesi
ID-SM,ID,Sumatra
ID-SN,ID,South Sulawesi
ID-SR,ID,West Sulawesi
ID-SS,ID,South Sumatra
ID-ST,ID,Central Sulawesi
ID-SU,ID,North Sumatra
ID-YO,ID,Yogyakarta
IE-C,IE,Connacht
IE-CE,IE,Clare
IE-CN,IE,Cavan
IE-CO,IE,Cork
IE-CW,IE,Carlow
IE-D,IE,Dublin
IE-DL,IE,Donegal
IE-G,IE,Galway
IE-KE,IE,Kildare
IE-KK,IE,Kilkenny
IE-KY,IE,Kerry
IE-L,IE,Leinster
IE-LD,IE,Longford
IE-LH,IE,Louth
IE-LK,IE,Limerick
IE-LM,IE,Leitrim
IE-LS,IE,Laois
IE-M,IE,Munster
IE-MH,IE,Meath
IE-MN,IE,Monaghan
IE-MO,IE,Mayo
IE-OY,IE,Offaly
IE-RN,IE,Roscommon
IE-SO,IE,Sligo
IE-TA,IE,Tipperary
IE-U,IE,Ulster
IE-WD,IE,Waterford
IE-WH,IE,Westmeath
IE-WW,IE,Wicklow
IE-WX,IE,Wexford
IL-D,IL,Southern District
IL-HA,IL,Haifa District
IL-JM,IL,Jerusalem
IL-M,IL,Central District
IL-TA,IL,Tel Aviv District
IL-Z,IL,Northern District
IN-AN,IN,Andaman and Nicobar Islands
IN-AP,IN,Andhra Pradesh
IN-AR,IN,Arunachal Pradesh
IN-AS,IN,Assam
IN-BR,IN,Bihar
IN-CG,IN,Chhattīsgarh
IN-CH,IN,Chandigarh
IN-CT,IN,Chhattisgarh
IN-DD,IN,Daman and Diu
IN-DH,IN,Dādra and Nagar Haveli and Damān and Diu
IN-DL,IN,Delhi
IN-DN,IN,Dadra and Nagar Haveli
IN-GA,IN,Goa
IN-GJ,IN,Gujarat
IN-HP,IN,Himachal Pradesh
IN-HR,IN,Haryana
IN-JH,IN,Jharkhand
IN-JK,IN,Jammu and Kashmir
IN-KA,IN,Karnataka
IN-KL,IN,Kerala
IN-LA,IN,Ladakh
IN-LD,IN,Lakshadweep
IN-MH,IN,Maharashtra
IN-ML,IN,Meghalaya
IN-MN,IN,Manipur
IN-MP,IN,Madhya Pradesh
IN-MZ,IN,Mizoram
IN-NL,IN,Nagaland
IN-OD,IN,Odisha
IN-PB,IN,Punjab
IN-PY,IN,Puducherry
IN-RJ,IN,Rajasthan
IN-SK,IN,Sikkim
IN-TG,IN,Telangana
IN-TN,IN,Tamil Nadu
IN-TR,IN,Tripura
IN-TS,IN,Telangāna
IN-UK,IN,Uttarākhand
IN-UP,IN,Uttar Pradesh
IN-UT,IN,Uttarakhand
IN-WB,IN,West Bengal
IQ-AN,IQ,Al Anbar
IQ-AR,IQ,Erbil
IQ-BA,IQ,Basra
IQ-BB,IQ,Babylon
IQ-BG,IQ,Baghdad
IQ-DA,IQ,Dohuk
IQ-DI,IQ,Diyala
IQ-DQ,IQ,Dhi Qar
IQ-KA,IQ,Karbala
IQ-KI,IQ,Kirkuk
IQ-KR,IQ,Kurdistan
IQ-MA,IQ,Maysan
IQ-MU,IQ,Al Muthanna
IQ-NA,IQ,Najaf
IQ-NI,IQ,Nineveh
IQ-QA,IQ,Al-Qādisiyyah
IQ-SD,IQ,Saladin
IQ-SU,IQ,Sulaymaniyah
IQ-WA,IQ,Wasit
IR-00,IR,Markazī
IR-01,IR,East Azerbaijan
IR-02,IR,West Azarbaijan
IR-03,IR,Ardabil
IR-04,IR,Isfahan
IR-05,IR,Ilam
IR-06,IR,Bushehr
IR-07,IR,Tehran
IR-08,IR,Chaharmahal and Bakhtiari
IR-09,IR,Khorāsān-e Raẕavī
IR-10,IR,Khuzestan
IR-11,IR,Zanjan
IR-12,IR,Semnan
IR-13,IR,Sistan and Baluchestan
IR-14,IR,Fars
IR-15,IR,Kerman
IR-16,IR,Kurdistan
IR-17,IR,Kermanshah
IR-18,IR,Kohgiluyeh and Boyer-Ahmad
IR-19,IR,Gilan
IR-20,IR,Lorestan
IR-21,IR,Mazandaran
IR-22,IR,Markazi
IR-23,IR,Hormozgan
IR-24,IR,Hamadan
IR-25,IR,Yazd
IR-26,IR,Qom
IR-27,IR,Golestan
IR-28,IR,Qazvin
IR-29,IR,South Khorasan
IR-30,IR,Razavi Khorasan
IR-31,IR,North Khorasan
IR-32,IR,Alborz
IS-0,IS,Reykjavík
IS-1,IS,Capital
IS-2,IS,Southern Peninsula
IS-3,IS,Western
IS-4,IS,Westfjords
IS-5,IS,Northwestern
IS-6,IS,Northeastern
IS-7,IS,Eastern
IS-8,IS,Southern
IS-AKH,IS,Akrahreppur
IS-AKN,IS,Akraneskaupstaður
IS-AKU,IS,Akureyrarbær
IS-ARN,IS,Árneshreppur
IS-ASA,IS,Ásahreppur
IS-BFJ,IS,Borgarfjarðarhreppur
IS-BLA,IS,Bláskógabyggð
IS-BLO,IS,Blönduósbær
IS-BOG,IS,Borgarbyggð
IS-BOL,IS,Bolungarvíkurkaupstaður
IS-DAB,IS,Dalabyggð
IS-DAV,IS,Dalvíkurbyggð
IS-DJU,IS,Djúpavogshreppur
IS-EOM,IS,Eyja- og Miklaholtshreppur
IS-EYF,IS,Eyjafjarðarsveit
IS-FJD,IS,Fjarðabyggð
IS-FJL,IS,Fjallabyggð
IS-FLA,IS,Flóahreppur
IS-FLD,IS,Fljótsdalshérað
IS-FLR,IS,Fljótsdalshreppur
IS-GAR,IS,Garðabær
IS-GOG,IS,Grímsnes- og Grafningshreppur
IS-GRN,IS,Grindavíkurbær
IS-GRU,IS,Grundarfjarðarbær
IS-GRY,IS,Grýtubakkahreppur
IS-HAF,IS,Hafnarfjarðarkaupstaður
IS-HEL,IS,Helgafellssveit
IS-HRG,IS,Hörgársveit
IS-HRU,IS,Hrunamannahreppur
IS-HUG,IS,Húnabyggð
IS-HUT,IS,Húnavatnshreppur
IS-HUV,IS,Húnaþing vestra
IS-HVA,IS,Hvalfjarðarsveit
IS-HVE,IS,Hveragerðisbær
IS-ISA,IS,Ísafjarðarbær
IS-KAL,IS,Kaldrananeshreppur
IS-KJO,IS,Kjósarhreppur
IS-KOP,IS,Kópavogsbær
IS-LAN,IS,Langanesbyggð
IS-MOS,IS,Mosfellsbær
IS-MUL,IS,Múlaþing
IS-MYR,IS,Mýrdalshreppur
IS-NOR,IS,Norðurþing
IS-RGE,IS,Rangárþing eystra
IS-RGY,IS,Rangárþing ytra
IS-RHH,IS,Reykhólahreppur
IS-RKN,IS,Reykjanesbær
IS-RKV,IS,Reykjavíkurborg
IS-SBH,IS,Svalbarðshreppur
IS-SBT,IS,Svalbarðsstrandarhreppur
IS-SDN,IS,Suðurnesjabær
IS-SDV,IS,Súðavíkurhreppur
IS-SEL,IS,Seltjarnarnesbær
IS-SEY,IS,Seyðisfjarðarkaupstaður
IS-SFA,IS,Sveitarfélagið Árborg
IS-SHF,IS,Sveitarfélagið Hornafjörður
IS-SKF,IS,Skaftárhreppur
IS-SKG,IS,Skagabyggð
IS-SKO,IS,Skorradalshreppur
IS-SKR,IS,Skagafjörður
IS-SKU,IS,Skútustaðahreppur
IS-SNF,IS,Snæfellsbær
IS-SOG,IS,Skeiða- og Gnúpverjahreppur
IS-SOL,IS,Sveitarfélagið Ölfus
IS-SSF,IS,Sveitarfélagið Skagafjörður
IS-SSS,IS,Sveitarfélagið Skagaströnd
IS-STR,IS,Strandabyggð
IS-STY,IS,Stykkishólmsbær
IS-SVG,IS,Sveitarfélagið Vogar
IS-TAL,IS,Tálknafjarðarhreppur
IS-THG,IS,Þingeyjarsveit
IS-TJO,IS,Tjörneshreppur
IS-VEM,IS,Vestmannaeyjabær
IS-VER,IS,Vesturbyggð
IS-VOP,IS,Vopnafjarðarhreppur
IT-21,IT,Piedmont
IT-23,IT,Aosta Valley
IT-25,IT,Lombardy
IT-32,IT,Trentino-South Tyrol
IT-34,IT,Veneto
IT-36,IT,Friuli–Venezia Giulia
IT-42,IT,Liguria
IT-45,IT,Emilia-Romagna
IT-52,IT,Tuscany
IT-55,IT,Umbria
IT-57,IT,Marche
IT-62,IT,Lazio
IT-65,IT,Abruzzo
IT-67,IT,Molise
IT-72,IT,Campania
IT-75,IT,Apulia
IT-77,IT,Basilicata
IT-78,IT,Calabria
IT-82,IT,Sicily
IT-88,IT,Sardinia
IT-AG,IT,Agrigento
IT-AL,IT,Alessandria
IT-AN,IT,Ancona
IT-AO,IT,Aosta
IT-AP,IT,Ascoli Piceno
IT-AQ,IT,L’Aquila
IT-AR,IT,Arezzo
IT-AT,IT,Asti
IT-AV,IT,Avellino
IT-BA,IT,Bari
IT-BG,IT,Bergamo
IT-BI,IT,Biella
IT-BL,IT,Belluno
IT-BN,IT,Benevento
IT-BO,IT,Bologna
IT-BR,IT,Brindisi
IT-BS,IT,Brescia
IT-BT,IT,Barletta-Andria-Trani
IT-BZ,IT,South Tyrol
IT-CA,IT,Cagliari
IT-CB,IT,Campobasso
IT-CE,IT,Caserta
IT-CH,IT,Chieti
IT-CI,IT,Carbonia-Iglesias
IT-CL,IT,Caltanissetta
IT-CN,IT,Cuneo
IT-CO,IT,Como
IT-CR,IT,Cremona
IT-CS,IT,Cosenza
IT-CT,IT,Catania
IT-CZ,IT,Catanzaro
IT-EN,IT,Enna
IT-FC,IT,Forlì-Cesena
IT-FE,IT,Ferrara
IT-FG,IT,Foggia
IT-FI,IT,Florence
IT-FM,IT,Fermo
IT-FR,IT,Frosinone
IT-GE,IT,Genoa
IT-GO,IT,Gorizia
IT-GR,IT,Grosseto
IT-IM,IT,Imperia
IT-IS,IT,Isernia
IT-KR,IT,Crotone
IT-LC,IT,Lecco
IT-LE,IT,Lecce
IT-LI,IT,Livorno
IT-LO,IT,Lodi
IT-LT,IT,Latina
IT-LU,IT,Lucca
IT-MB,IT,Monza and Brianza
IT-MC,IT,Macerata
IT-ME,IT,Messina
IT-MI,IT,Milan
IT-MN,IT,Mantua
IT-MO,IT,Modena
IT-MS,IT,Massa and Carrara
IT-MT,IT,Matera
IT-NA,IT,Naples
IT-NO,IT,Novara
IT-NU,IT,Nuoro
IT-OG,IT,Ogliastra
IT-OR,IT,Oristano
IT-OT,IT,Olbia-Tempio
IT-PA,IT,Palermo
IT-PC,IT,Piacenza
IT-PD,IT,Padua
IT-PE,IT,Pescara
IT-PG,IT,Perugia
IT-PI,IT,Pisa
IT-PN,IT,Pordenone
IT-PO,IT,Prato
IT-PR,IT,Parma
IT-PT,IT,Pistoia
IT-PU,IT,Pesaro and Urbino
IT-PV,IT,Pavia
IT-PZ,IT,Potenza
IT-RA,IT,Ravenna
IT-RC,IT,Reggio Calabria
IT-RE,IT,Reggio Emilia
IT-RG,IT,Ragusa
IT-RI,IT,Rieti
IT-RM,IT,Rome
IT-RN,IT,Rimini
IT-RO,IT,Rovigo
IT-SA,IT,Salerno
IT-SI,IT,Siena
IT-SO,IT,Sondrio
IT-SP,IT,La Spezia
IT-SR,IT,Syracuse
IT-SS,IT,Sassari
IT-SU,IT,Sud Sardegna
IT-SV,IT,Savona
IT-TA,IT,Taranto
IT-TE,IT,Teramo
IT-TN,IT,Trentino
IT-TO,IT,Turin
IT-TP,IT,Trapani
IT-TR,IT,Terni
IT-TS,IT,Trieste
IT-TV,IT,Treviso
IT-UD,IT,Udine
IT-VA,IT,Varese
IT-VB,IT,Verbano-Cusio-Ossola
IT-VC,IT,Vercelli
IT-VE,IT,Venice
IT-VI,IT,Vicenza
IT-VR,IT,Verona
IT-VS,IT,Medio Campidano
IT-VT,IT,Viterbo
IT-VV,IT,Vibo Valentia
JM-01,JM,Kingston
JM-02,JM,Saint Andrew
JM-03,JM,Saint Thomas
JM-04,JM,Portland
JM-05,JM,Saint Mary
JM-06,JM,Saint Ann
JM-07,JM,Trelawny
JM-08,JM,Saint James
JM-09,JM,Hanover
JM-10,JM,Westmoreland
JM-11,JM,Saint Elizabeth
JM-12,JM,Manchester
JM-13,JM,Clarendon
JM-14,JM,Saint Catherine
JO-AJ,JO,Ajloun
JO-AM,JO,Amman
JO-AQ,JO,Aqaba
JO-AT,JO,Tafilah
JO-AZ,JO,Zarqa
JO-BA,JO,Balqa
JO-IR,JO,Irbid
JO-JA,JO,Jerash
JO-KA,JO,Karak
JO-MA,JO,Mafraq
JO-MD,JO,Madaba
JO-MN,JO,Ma’an
JP-01,JP,Hokkaidō
JP-02,JP,Aomori
JP-03,JP,Iwate
JP-04,JP,Miyagi
JP-05,JP,Akita
JP-06,JP,Yamagata
JP-07,JP,Fukushima
JP-08,JP,Ibaraki
JP-09,JP,Tochigi
JP-10,JP,Gunma
JP-11,JP,Saitama
JP-12,JP,Chiba
JP-13,JP,Tokyo
JP-14,JP,Kanagawa
JP-15,JP,Niigata
JP-16,JP,Toyama
JP-17,JP,Ishikawa
JP-18,JP,Fukui
JP-19,JP,Yamanashi
JP-20,JP,Nagano
JP-21,JP,Gifu
JP-22,JP,Shizuoka
JP-23,JP,Aichi
JP-24,JP,Mie
JP-25,JP,Shiga
JP-26,JP,Kyōto
JP-27,JP,Ōsaka
JP-28,JP,Hyōgo
JP-29,JP,Nara
JP-30,JP,Wakayama
JP-31,JP,Tottori
JP-32,JP,Shimane
JP-33,JP,Okayama
JP-34,JP,Hiroshima
JP-35,JP,Yamaguchi
JP-36,JP,Tokushima
JP-37,JP,Kagawa
JP-38,JP,Ehime
JP-39,JP,Kōchi
JP-40,JP,Fukuoka
JP-41,JP,Saga
JP-42,JP,Nagasaki
JP-43,JP,Kumamoto
JP-44,JP,Ōita
JP-45,JP,Miyazaki
JP-46,JP,Kagoshima
JP-47,JP,Okinawa
KE-01,KE,Baringo
KE-02,KE,Bomet
KE-03,KE,Bungoma
KE-04,KE,Busia
KE-05,KE,Elgeyo-Marakwet
KE-06,KE,Embu
KE-07,KE,Garissa
KE-08,KE,Homa Bay
KE-09,KE,Isiolo
KE-10,KE,Kajiado
KE-11,KE,Kakamega
KE-12,KE,Kericho
KE-13,KE,Kiambu
KE-14,KE,Kilifi
KE-15,KE,Kirinyaga
KE-16,KE,Kisii
KE-17,KE,Kisumu
KE-18,KE,Kitui
KE-19,KE,Kwale
KE-20,KE,Laikipia
KE-21,KE,Lamu
KE-22,KE,Machakos
KE-23,KE,Makueni
KE-24,KE,Mandera
KE-25,KE,Marsabit
KE-26,KE,Meru
KE-27,KE,Migori
KE-28,KE,Mombasa
KE-29,KE,Murang’a
KE-30,KE,Nairobi County
KE-31,KE,Nakuru
KE-32,KE,Nandi
KE-33,KE,Narok
KE-34,KE,Nyamira
KE-35,KE,Nyandarua
KE-36,KE,Nyeri
KE-37,KE,Samburu
KE-38,KE,Siaya
KE-39,KE,Taita-Taveta
KE-40,KE,Tana River
KE-41,KE,Tharaka-Nithi
KE-42,KE,Trans Nzoia
KE-43,KE,Turkana
KE-44,KE,Uasin Gishu
KE-45,KE,Vihiga
KE-46,KE,Wajir
KE-47,KE,West Pokot
KG-B,KG,Batken
KG-C,KG,Chuy
KG-GB,KG,Bishkek
KG-GO,KG,Osh
KG-J,KG,Jalal-Abad
KG-N,KG,Naryn
KG-O,KG,Osh Region
KG-T,KG,Talas
KG-Y,KG,Issyk-Kul
KH-1,KH,Banteay Meanchey
KH-10,KH,Kratié
KH-11,KH,Mondulkiri
KH-12,KH,Phnom Penh
KH-13,KH,Preah Vihear
KH-14,KH,Prey Veng
KH-15,KH,Pursat
KH-16,KH,Ratanakiri
KH-17,KH,Siem Reap
KH-18,KH,Sihanoukville
KH-19,KH,Stung Treng
KH-2,KH,Battambang
KH-20,KH,Svay Rieng
KH-21,KH,Takéo
KH-22,KH,Oddar Meanchey
KH-23,KH,Kep
KH-24,KH,Pailin
KH-25,KH,Tbong Khmum
KH-3,KH,Kampong Cham
KH-4,KH,Kampong Chhnang
KH-5,KH,Kampong Speu
KH-6,KH,Kampong Thom
KH-7,KH,Kampot
KH-8,KH,Kandal
KH-9,KH,Koh Kong
KI-G,KI,Gilbert Islands
KI-L,KI,Line Islands
KI-P,KI,Phoenix Islands
KM-A,KM,Anjouan
KM-G,KM,Grande Comore
KM-M,KM,Mohéli
KN-01,KN,Christ Church Nichola Town
KN-02,KN,Saint Anne Sandy Point
KN-03,KN,Saint George Basseterre
KN-04,KN,Saint George Gingerland
KN-05,KN,Saint James Windward
KN-06,KN,Saint John Capisterre
KN-07,KN,Saint John Figtree
KN-08,KN,Saint Mary Cayon
KN-09,KN,Saint Paul Capisterre
KN-10,KN,Saint Paul Charlestown
KN-11,KN,Saint Peter Basseterre
KN-12,KN,Saint Thomas Lowland
KN-13,KN,Saint Thomas Middle Island
KN-15,KN,Trinity Palmetto Point
KN-K,KN,Saint Kitts
KN-N,KN,Nevis
KP-01,KP,Pyongyang
KP-02,KP,South Pyongan
KP-03,KP,North Pyongan
KP-04,KP,Chagang
KP-05,KP,South Hwanghae
KP-06,KP,North Hwanghae
KP-07,KP,Kangwon
KP-08,KP,South Hamgyong
KP-09,KP,North Hamgyong
KP-10,KP,Ryanggang
KP-13,KP,Rason
KP-14,KP,Nampho
KP-15,KP,Kaeseong
KR-11,KR,Seoul
KR-26,KR,Busan
KR-27,KR,Daegu
KR-28,KR,Incheon
KR-29,KR,Gwangju City
KR-30,KR,Daejeon
KR-31,KR,Ulsan
KR-41,KR,Gyeonggi
KR-42,KR,Gangwon
KR-43,KR,North Chungcheong
KR-44,KR,South Chungcheong
KR-45,KR,North Jeolla
KR-46,KR,South Jeolla
KR-47,KR,North Gyeongsang
KR-48,KR,South Gyeongsang
KR-49,KR,Jeju
KR-50,KR,Sejong
KW-AH,KW,Al Ahmadi
KW-FA,KW,Al Farwaniyah
KW-HA,KW,Hawalli
KW-JA,KW,Al Jahra
KW-KU,KW,Al Asimah
KW-MU,KW,Mubarak Al-Kabeer
KZ-10,KZ,Abay oblysy
KZ-11,KZ,Aqmola oblysy
KZ-15,KZ,Aqtöbe oblysy
KZ-19,KZ,Almaty oblysy
KZ-23,KZ,Atyraū oblysy
KZ-27,KZ,Batys Qazaqstan oblysy
KZ-31,KZ,Zhambyl oblysy
KZ-33,KZ,Zhetisū oblysy
KZ-35,KZ,Qaraghandy oblysy
KZ-39,KZ,Qostanay oblysy
KZ-43,KZ,Qyzylorda oblysy
KZ-47,KZ,Mangghystaū oblysy
KZ-55,KZ,Pavlodar oblysy
KZ-59,KZ,Soltüstik Qazaqstan oblysy
KZ-61,KZ,Türkistan oblysy
KZ-62,KZ,Ulytaū oblysy
KZ-63,KZ,Shyghys Qazaqstan oblysy
KZ-71,KZ,Astana
KZ-75,KZ,Almaty
KZ-79,KZ,Shymkent
KZ-AKM,KZ,Akmola
KZ-AKT,KZ,Aktobe
KZ-ALM,KZ,Almaty Region
KZ-ATY,KZ,Atyrau
KZ-BAY,KZ,Bayqongyr
KZ-KAR,KZ,Karagandy
KZ-KUS,KZ,Kostanay
KZ-KZY,KZ,Kyzylorda
KZ-MAN,KZ,Mangystau
KZ-PAV,KZ,Pavlodar
KZ-SEV,KZ,North Kazakhstan
KZ-VOS,KZ,East Kazakhstan
KZ-YUZ,KZ,South Kazakhstan
KZ-ZAP,KZ,West Kazakhstan
KZ-ZHA,KZ,Jambyl
LA-AT,LA,Attapeu
LA-BK,LA,Bokeo
LA-BL,LA,Bolikhamsai
LA-CH,LA,Champasak
LA-HO,LA,Houaphanh
LA-KH,LA,Khammouane
LA-LM,LA,Luang Namtha
LA-LP,LA,Luang Prabang
LA-OU,LA,Oudomxay
LA-PH,LA,Phongsaly
LA-SL,LA,Salavan
LA-SV,LA,Savannakhet
LA-VI,LA,Vientiane Province
LA-VT,LA,Vientiane
LA-XA,LA,Sainyabuli
LA-XE,LA,Sekong
LA-XI,LA,Xiangkhouang
LA-XS,LA,Xaisomboun
LB-AK,LB,Akkar
LB-AS,LB,North
LB-BA,LB,Beirut
LB-BH,LB,Baalbek-Hermel
LB-BI,LB,Beqaa
LB-JA,LB,South
LB-JL,LB,Mount Lebanon
LB-NA,LB,Nabatieh
LC-01,LC,Anse la Raye
LC-02,LC,Castries
LC-03,LC,Choiseul
LC-05,LC,Dennery
LC-06,LC,Gros Islet
LC-07,LC,Laborie
LC-08,LC,Micoud
LC-10,LC,Soufrière
LC-11,LC,Vieux Fort
LC-12,LC,Canaries
LI-01,LI,Balzers
LI-02,LI,Eschen
LI-03,LI,Gamprin
LI-04,LI,Mauren
LI-05,LI,Planken
LI-06,LI,Ruggell
LI-07,LI,Schaan
LI-08,LI,Schellenberg
LI-09,LI,Triesen
LI-10,LI,Triesenberg
LI-11,LI,Vaduz
LK-1,LK,Western
LK-11,LK,Colombo
LK-12,LK,Gampaha
LK-13,LK,Kalutara
LK-2,LK,Central
LK-21,LK,Kandy
LK-22,LK,Matale
LK-23,LK,Nuwara Eliya
LK-3,LK,Southern
LK-31,LK,Galle
LK-32,LK,Matara
LK-33,LK,Hambantota
LK-4,LK,Northern
LK-41,LK,Jaffna
LK-42,LK,Kilinochchi
LK-43,LK,Mannar
LK-44,LK,Vavuniya
LK-45,LK,Mullaitivu
LK-5,LK,Eastern
LK-51,LK,Batticaloa
LK-52,LK,Ampara
LK-53,LK,Trincomalee
LK-6,LK,North Western
LK-61,LK,Kurunegala
LK-62,LK,Puttalam
LK-7,LK,North Central
LK-71,LK,Anuradhapura
LK-72,LK,Polonnaruwa
LK-8,LK,Uva
LK-81,LK,Badulla
LK-82,LK,Moneragala
LK-9,LK,Sabaragamuwa
LK-91,LK,Ratnapura
LK-92,LK,Kegalle
LR-BG,LR,Bong
LR-BM,LR,Bomi
LR-CM,LR,Grand Cape Mount
LR-GB,LR,Grand Bassa
LR-GG,LR,Grand Gedeh
LR-GK,LR,Grand Kru
LR-GP,LR,Gbarpolu
LR-LO,LR,Lofa
LR-MG,LR,Margibi
LR-MO,LR,Montserrado
LR-MY,LR,Maryland
LR-NI,LR,Nimba
LR-RG,LR,River Gee
LR-RI,LR,Rivercess
LR-SI,LR,Sinoe
LS-A,LS,Maseru
LS-B,LS,Butha-Buthe
LS-C,LS,Leribe
LS-D,LS,Berea
LS-E,LS,Mafeteng
LS-F,LS,Mohale’s Hoek
LS-G,LS,Quthing
LS-H,LS,Qacha’s Nek
LS-J,LS,Mokhotlong
LS-K,LS,Thaba-Tseka
LT-01,LT,Akmenė
LT-02,LT,Alytus Municipality
LT-03,LT,Alytus
LT-04,LT,Anykščiai
LT-05,LT,Birštonas
LT-06,LT,Biržai
LT-07,LT,Druskininkai
LT-08,LT,Elektrėnai
LT-09,LT,Ignalina
LT-10,LT,Jonava
LT-11,LT,Joniškis
LT-12,LT,Jurbarkas
LT-13,LT,Kaišiadorys
LT-14,LT,Kalvarija
LT-15,LT,Kauno Municipality
LT-16,LT,Kaunas
LT-17,LT,Kazlų Rūda
LT-18,LT,Kėdainiai
LT-19,LT,Kelmė
LT-20,LT,Klaipėdos Municipality
LT-21,LT,Klaipėda
LT-22,LT,Kretinga
LT-23,LT,Kupiškis
LT-24,LT,Lazdijai
LT-25,LT,Marijampolė
LT-26,LT,Mažeikiai
LT-27,LT,Molėtai
LT-28,LT,Neringa
LT-29,LT,Pagėgiai
LT-30,LT,Pakruojis
LT-31,LT,Palanga
LT-32,LT,Panevėžio Municipality
LT-33,LT,Panevėžys
LT-34,LT,Pasvalys
LT-35,LT,Plungė
LT-36,LT,Prienai
LT-37,LT,Radviliškis
LT-38,LT,Raseiniai
LT-39,LT,Rietavas
LT-40,LT,Rokiškis
LT-41,LT,Šakiai
LT-42,LT,Šalčininkai
LT-43,LT,Šiaulių Municipality
LT-44,LT,Šiauliai
LT-45,LT,Šilalė
LT-46,LT,Šilutė
LT-47,LT,Širvintos
LT-48,LT,Skuodas
LT-49,LT,Švenčionys
LT-50,LT,Tauragė
LT-51,LT,Telšiai
LT-52,LT,Trakai
LT-53,LT,Ukmergė
LT-54,LT,Utena
LT-55,LT,Varėna
LT-56,LT,Vilkaviškis
LT-57,LT,Vilniaus Municipality
LT-58,LT,Vilnius
LT-59,LT,Visaginas
LT-60,LT,Zarasai
LT-AL,LT,Alytus County
LT-KL,LT,Klaipėda County
LT-KU,LT,Kaunas County
LT-MR,LT,Marijampolė County
LT-PN,LT,Panevėžys County
LT-SA,LT,Šiauliai County
LT-TA,LT,Tauragė County
LT-TE,LT,Telšiai County
LT-UT,LT,Utena County
LT-VL,LT,Vilnius County
LU-CA,LU,Capellen
LU-CL,LU,Clervaux
LU-DI,LU,Diekirch
LU-EC,LU,Echternach
LU-ES,LU,Esch-sur-Alzette
LU-GR,LU,Grevenmacher
LU-LU,LU,Luxembourg
LU-ME,LU,Mersch
LU-RD,LU,Redange
LU-RM,LU,Remich
LU-VD,LU,Vianden
LU-WI,LU,Wiltz
LV-001,LV,Aglona
LV-002,LV,Aizkraukle
LV-003,LV,Aizpute
LV-004,LV,Aknīste
LV-005,LV,Aloja
LV-006,LV,Alsunga
LV-007,LV,Alūksne
LV-008,LV,Amata
LV-009,LV,Ape
LV-010,LV,Auce
LV-011,LV,Ādaži
LV-012,LV,Babīte
LV-013,LV,Baldone
LV-014,LV,Baltinava
LV-015,LV,Balvi
LV-016,LV,Bauska
LV-017,LV,Beverīna
LV-018,LV,Brocēni
LV-019,LV,Burtnieki
LV-020,LV,Carnikava
LV-021,LV,Cesvaine
LV-022,LV,Cēsis
LV-023,LV,Cibla
LV-024,LV,Dagda
LV-025,LV,Daugavpils Municipality
LV-026,LV,Dobele
LV-027,LV,Dundaga
LV-028,LV,Durbe
LV-029,LV,Engure
LV-030,LV,Ērgļi
LV-031,LV,Garkalne
LV-032,LV,Grobiņa
LV-033,LV,Gulbene
LV-034,LV,Iecava
LV-035,LV,Ikšķile
LV-036,LV,Ilūkste
LV-037,LV,Inčukalns
LV-038,LV,Jaunjelgava
LV-039,LV,Jaunpiebalga
LV-040,LV,Jaunpils
LV-041,LV,Jelgava Municipality
LV-042,LV,Jēkabpils Municipality
LV-043,LV,Kandava
LV-044,LV,Kārsava
LV-045,LV,Kocēni
LV-046,LV,Koknese
LV-047,LV,Krāslava
LV-048,LV,Krimulda
LV-049,LV,Krustpils
LV-050,LV,Kuldīga
LV-051,LV,Ķegums
LV-052,LV,Ķekava
LV-053,LV,Lielvārde
LV-054,LV,Limbaži
LV-055,LV,Līgatne
LV-056,LV,Līvāni
LV-057,LV,Lubāna
LV-058,LV,Ludza
LV-059,LV,Madona
LV-060,LV,Mazsalaca
LV-061,LV,Mālpils
LV-062,LV,Mārupe
LV-063,LV,Mērsrags
LV-064,LV,Naukšēni
LV-065,LV,Nereta
LV-066,LV,Nīca
LV-067,LV,Ogre
LV-068,LV,Olaine
LV-069,LV,Ozolnieki
LV-070,LV,Pārgauja
LV-071,LV,Pāvilosta
LV-072,LV,Pļaviņas
LV-073,LV,Preiļi
LV-074,LV,Priekule
LV-075,LV,Priekuļi
LV-076,LV,Rauna
LV-077,LV,Rēzekne Municipality
LV-078,LV,Riebiņi
LV-079,LV,Roja
LV-080,LV,Ropaži
LV-081,LV,Rucava
LV-082,LV,Rugāji
LV-083,LV,Rundāle
LV-084,LV,Rūjiena
LV-085,LV,Sala
LV-086,LV,Salacgrīva
LV-087,LV,Salaspils
LV-088,LV,Saldus
LV-089,LV,Saulkrasti
LV-090,LV,Sēja
LV-091,LV,Sigulda
LV-092,LV,Skrīveri
LV-093,LV,Skrunda
LV-094,LV,Smiltene
LV-095,LV,Stopiņi
LV-096,LV,Strenči
LV-097,LV,Talsi
LV-098,LV,Tērvete
LV-099,LV,Tukums
LV-100,LV,Vaiņode
LV-101,LV,Valka
LV-102,LV,Varakļāni
LV-103,LV,Vārkava
LV-104,LV,Vecpiebalga
LV-105,LV,Vecumnieki
LV-106,LV,Ventspils Municipality
LV-107,LV,Viesīte
LV-108,LV,Viļaka
LV-109,LV,Viļāni
LV-110,LV,Zilupe
LV-111,LV,Augšdaugavas novads
LV-112,LV,Dienvidkurzemes Novads
LV-113,LV,Valmieras Novads
LV-DGV,LV,Daugavpils
LV-JEL,LV,Jelgava
LV-JKB,LV,Jēkabpils
LV-JUR,LV,Jūrmala
LV-LPX,LV,Liepāja
LV-REZ,LV,Rēzekne
LV-RIX,LV,Riga
LV-VEN,LV,Ventspils
LV-VMR,LV,Valmiera
LY-BA,LY,Benghazi
LY-BU,LY,Butnan
LY-DR,LY,Derna
LY-GT,LY,Ghat
LY-JA,LY,Jabal al Akhdar
LY-JG,LY,Jabal al Gharbi
LY-JI,LY,Jafara
LY-JU,LY,Jufra
LY-KF,LY,Kufra
LY-MB,LY,Murqub
LY-MI,LY,Misrata
LY-MJ,LY,Marj
LY-MQ,LY,Murzuq
LY-NL,LY,Nalut
LY-NQ,LY,Nuqat al Khams
LY-SB,LY,Sabha
LY-SR,LY,Sirte
LY-TB,LY,Tripoli
LY-WA,LY,Al Wahat
LY-WD,LY,Wadi al Hayaa
LY-WS,LY,Wadi al Shatii
LY-ZA,LY,Zawiya
MA-01,MA,Tangier-Tétouan
MA-02,MA,Gharb-Chrarda-Béni Hssen
MA-03,MA,Taza-Al Hoceima-Taounate
MA-04,MA,Oriental
MA-05,MA,Fès-Boulemane
MA-06,MA,Meknès-Tafilalet
MA-07,MA,Rabat-Salé-Zemmour-Zaer
MA-08,MA,Grand Casablanca
MA-09,MA,Chaouia-Ouardigha
MA-10,MA,Doukkala-Abda
MA-11,MA,Marrakesh-Tensift-El Haouz
MA-12,MA,Tadla-Azilal
MA-13,MA,Souss-Massa-Drâa
MA-14,MA,Guelmim-Es Semara
MA-15,MA,Laâyoune-Boujdour-Sakia El Hamra
MA-16,MA,Oued Ed-Dahab-Lagouira
MA-AGD,MA,Agadir-Ida Ou Tanane
MA-AOU,MA,Aousserd
MA-ASZ,MA,Assa-Zag
MA-AZI,MA,Azilal
MA-BEM,MA,Béni-Mellal
MA-BER,MA,Berkane
MA-BES,MA,Ben Slimane
MA-BOD,MA,Boujdour
MA-BOM,MA,Boulemane
MA-BRR,MA,Berrechid
MA-CAS,MA,Casablanca
MA-CHE,MA,Chefchaouen
MA-CHI,MA,Chichaoua
MA-CHT,MA,Chtouka Aït Baha
MA-DRI,MA,Driouch
MA-ERR,MA,Errachidia
MA-ESI,MA,Essaouira
MA-ESM,MA,Es Semara
MA-FAH,MA,Fahs-Beni Makada
MA-FES,MA,Fès-Dar-Dbibegh
MA-FIG,MA,Figuig
MA-FQH,MA,Fquih Ben Salah
MA-GUE,MA,Guelmim
MA-GUF,MA,Guercif
MA-HAJ,MA,El Hajeb
MA-HAO,MA,Al Haouz
MA-HOC,MA,Al Hoceïma
MA-IFR,MA,Ifrane
MA-INE,MA,Inezgane-Aït Melloul
MA-JDI,MA,El Jadida
MA-JRA,MA,Jerada
MA-KEN,MA,Kénitra
MA-KES,MA,Kelaat Sraghna
MA-KHE,MA,Khemisset
MA-KHN,MA,Khénifra
MA-KHO,MA,Khouribga
MA-LAA,MA,Laâyoune
MA-LAR,MA,Larache
MA-MAR,MA,Marrakech
MA-MDF,MA,M’diq-Fnideq
MA-MED,MA,Médiouna
MA-MEK,MA,Meknès
MA-MID,MA,Midelt
MA-MMD,MA,Marrakech-Medina
MA-MMN,MA,Marrakech-Menara
MA-MOH,MA,Mohammedia
MA-MOU,MA,Moulay Yacoub
MA-NAD,MA,Nador
MA-NOU,MA,Nouaceur
MA-OUA,MA,Ouarzazate
MA-OUD,MA,Oued Ed-Dahab
MA-OUJ,MA,Oujda-Angad
MA-OUZ,MA,Ouezzane
MA-RAB,MA,Rabat
MA-REH,MA,Rehamna
MA-SAF,MA,Safi
MA-SAL,MA,Salé
MA-SEF,MA,Sefrou
MA-SET,MA,Settat
MA-SIB,MA,Sidi Bennour
MA-SIF,MA,Sidi Ifni
MA-SIK,MA,Sidi Kacem
MA-SIL,MA,Sidi Slimane
MA-SKH,MA,Skhirat-Témara
MA-SYB,MA,Sidi Youssef Ben Ali
MA-TAF,MA,Tarfaya (EH-partial)
MA-TAI,MA,Taourirt
MA-TAO,MA,Taounate
MA-TAR,MA,Taroudant
MA-TAT,MA,Tata
MA-TAZ,MA,Taza
MA-TET,MA,Tétouan
MA-TIN,MA,Tinghir
MA-TIZ,MA,Tiznit
MA-TNG,MA,Tangier-Assilah
MA-TNT,MA,Tan-Tan
MA-YUS,MA,Youssoufia
MA-ZAG,MA,Zagora
MC-CL,MC,La Colle
MC-CO,MC,La Condamine
MC-FO,MC,Fontvieille
MC-GA,MC,La Gare
MC-JE,MC,Jardin Exotique de Monaco
MC-LA,MC,Larvotto
MC-MA,MC,Malbousquet
MC-MC,MC,Monte Carlo
MC-MG,MC,Moneghetti
MC-MO,MC,Monaco-Ville
MC-MU,MC,Moulins
MC-PH,MC,Port Hercules
MC-SD,MC,Sainte-Dévote Chapel
MC-SO,MC,La Source
MC-SP,MC,Spélugues
MC-SR,MC,Saint Roman
MC-VR,MC,Vallon de la Rousse
MD-AN,MD,Anenii Noi
MD-BA,MD,Bălţi
MD-BD,MD,Bender
MD-BR,MD,Briceni
MD-BS,MD,Basarabeasca
MD-CA,MD,Cahul
MD-CL,MD,Călărași
MD-CM,MD,Cimișlia
MD-CR,MD,Criuleni
MD-CS,MD,Căușeni
MD-CT,MD,Cantemir
MD-CU,MD,Chișinău
MD-DO,MD,Dondușeni
MD-DR,MD,Drochia
MD-DU,MD,Dubăsari
MD-ED,MD,Edineț
MD-FA,MD,Fălești
MD-FL,MD,Florești
MD-GA,MD,Gagauzia
MD-GL,MD,Glodeni
MD-HI,MD,Hîncești
MD-IA,MD,Ialoveni
MD-LE,MD,Leova
MD-NI,MD,Nisporeni
MD-OC,MD,Ocniţa
MD-OR,MD,Orhei
MD-RE,MD,Rezina
MD-RI,MD,Rîșcani
MD-SD,MD,Șoldănești
MD-SI,MD,Sîngerei
MD-SN,MD,Transnistria
MD-SO,MD,Soroca
MD-ST,MD,Strășeni
MD-SV,MD,Ştefan Vodă
MD-TA,MD,Taraclia
MD-TE,MD,Telenești
MD-UN,MD,Ungheni
ME-01,ME,Andrijevica
ME-02,ME,Bar
ME-03,ME,Berane
ME-04,ME,Bijelo Polje
ME-05,ME,Budva
ME-06,ME,Cetinje
ME-07,ME,Danilovgrad
ME-08,ME,Herceg Novi
ME-09,ME,Kolašin
ME-10,ME,Kotor
ME-11,ME,Mojkovac
ME-12,ME,Nikšić
ME-13,ME,Plav
ME-14,ME,Pljevlja
ME-15,ME,Plužine
ME-16,ME,Podgorica
ME-17,ME,Rožaje
ME-18,ME,Šavnik
ME-19,ME,Tivat
ME-20,ME,Ulcinj
ME-21,ME,Žabljak
ME-22,ME,Gusinje
ME-23,ME,Petnjica
ME-24,ME,Tuzi
ME-25,ME,Zeta
MG-A,MG,Toamasina
MG-D,MG,Antsiranana
MG-F,MG,Fianarantsoa
MG-M,MG,Mahajanga
MG-T,MG,Antananarivo
MG-U,MG,Toliara
MH-ALK,MH,Ailuk Atoll
MH-ALL,MH,Ailinglaplap Atoll
MH-ARN,MH,Arno
MH-AUR,MH,Aur Atoll
MH-EBO,MH,Ebon Atoll
MH-ENI,MH,Enewetak Atoll
MH-JAB,MH,Jabat Island
MH-JAL,MH,Jaluit Atoll
MH-KIL,MH,Kili Island
MH-KWA,MH,Kwajalein
MH-L,MH,Ralik Chain
MH-LAE,MH,Lae Atoll
MH-LIB,MH,Lib Island
MH-LIK,MH,Likiep Atoll
MH-MAJ,MH,Majuro
MH-MAL,MH,Maloelap Atoll
MH-MEJ,MH,Mejit Island
MH-MIL,MH,Mili Atoll
MH-NMK,MH,Namdrik Atoll
MH-NMU,MH,Namu Atoll
MH-RON,MH,Rongelap Atoll
MH-T,MH,Ratak Chain
MH-UJA,MH,Ujae Atoll
MH-UTI,MH,Utirik Atoll
MH-WTH,MH,Wotho Atoll
MH-WTJ,MH,Wotje Atoll
MK-01,MK,Aerodrom
MK-09,MK,Butel
MK-101,MK,Veles
MK-102,MK,Gradsko
MK-103,MK,Demir Kapija
MK-104,MK,Kavadarci
MK-105,MK,Lozovo
MK-106,MK,Negotino
MK-107,MK,Rosoman
MK-108,MK,Sveti Nikole
MK-109,MK,Čaška
MK-15,MK,Vraneštica
MK-17,MK,Gazi Baba
MK-201,MK,Berovo
MK-202,MK,Vinica
MK-203,MK,Delčevo
MK-204,MK,Zrnovci
MK-205,MK,Karbinci
MK-206,MK,Kočani
MK-207,MK,Makedonska Kamenica
MK-208,MK,Pehčevo
MK-209,MK,Probištip
MK-210,MK,Češinovo-Obleševo
MK-211,MK,Štip
MK-22,MK,Debarca
MK-28,MK,Drugovo
MK-29,MK,Gjorče Petrov
MK-301,MK,Vevčani
MK-303,MK,Debar
MK-304,MK,Debrca
MK-307,MK,Kičevo
MK-308,MK,Makedonski Brod
MK-31,MK,Zajas
MK-310,MK,Ohrid
MK-311,MK,Plasnica
MK-312,MK,Struga
MK-313,MK,Centar Župa
MK-38,MK,Karpoš
MK-39,MK,Kisela Voda
MK-401,MK,Bogdanci
MK-402,MK,Bosilovo
MK-403,MK,Valandovo
MK-404,MK,Vasilevo
MK-405,MK,Gevgelija
MK-406,MK,Dojran
MK-407,MK,Konče
MK-408,MK,Novo Selo
MK-409,MK,Radoviš
MK-410,MK,Strumica
MK-50,MK,Mavrovo and Rostuša
MK-501,MK,Bitola
MK-502,MK,Demir Hisar
MK-503,MK,Dolneni
MK-504,MK,Krivogaštani
MK-505,MK,Kruševo
MK-506,MK,Mogila
MK-507,MK,Novaci
MK-508,MK,Prilep
MK-509,MK,Resen
MK-57,MK,Oslomej
MK-601,MK,Bogovinje
MK-602,MK,Brvenica
MK-603,MK,Vrapčište
MK-604,MK,Gostivar
MK-605,MK,Želino
MK-606,MK,Jegunovce
MK-607,MK,Mavrovo i Rostuše
MK-608,MK,Tearce
MK-609,MK,Tetovo
MK-68,MK,Saraj
MK-701,MK,Kratovo
MK-702,MK,Kriva Palanka
MK-703,MK,Kumanovo
MK-704,MK,Lipkovo
MK-705,MK,Rankovce
MK-706,MK,Staro Nagoričane
MK-77,MK,Centar
MK-79,MK,Čair
MK-801,MK,Aerodrom †
MK-802,MK,Aračinovo
MK-803,MK,Butel †
MK-804,MK,Gazi Baba †
MK-805,MK,Gjorče Petrov †
MK-806,MK,Zelenikovo
MK-807,MK,Ilinden
MK-808,MK,Karpoš †
MK-809,MK,Kisela Voda †
MK-810,MK,Petrovec
MK-811,MK,Saraj †
MK-812,MK,Sopište
MK-813,MK,Studeničani
MK-814,MK,Centar †
MK-815,MK,Čair †
MK-816,MK,Čučer-Sandevo
MK-817,MK,Šuto Orizari †
MK-84,MK,Šuto Orizari
MK-85,MK,Skopje
ML-1,ML,Kayes
ML-10,ML,Taoudénit
ML-2,ML,Koulikoro
ML-3,ML,Sikasso
ML-4,ML,Ségou
ML-5,ML,Mopti
ML-6,ML,Tombouctou
ML-7,ML,Gao
ML-8,ML,Kidal
ML-9,ML,Ménaka
ML-BKO,ML,Bamako
MM-01,MM,Sagaing
MM-02,MM,Bago
MM-03,MM,Magway
MM-04,MM,Mandalay
MM-05,MM,Tanintharyi
MM-06,MM,Yangon
MM-07,MM,Ayeyarwady
MM-11,MM,Kachin
MM-12,MM,Kayah
MM-13,MM,Kayin
MM-14,MM,Chin
MM-15,MM,Mon
MM-16,MM,Rakhine
MM-17,MM,Shan
MM-18,MM,Naypyidaw
MN-035,MN,Orkhon
MN-037,MN,Darkhan-Uul
MN-039,MN,Khentii
MN-041,MN,Khövsgöl
MN-043,MN,Khovd
MN-046,MN,Uvs
MN-047,MN,Töv
MN-049,MN,Selenge
MN-051,MN,Sükhbaatar
MN-053,MN,Ömnögovi
MN-055,MN,Övörkhangai
MN-057,MN,Zavkhan
MN-059,MN,Dundgovi
MN-061,MN,Dornod
MN-063,MN,Dornogovi
MN-064,MN,Govisümber
MN-065,MN,Govi-Altai
MN-067,MN,Bulgan
MN-069,MN,Bayankhongor
MN-071,MN,Bayan-Ölgii
MN-073,MN,Arkhangai
MN-1,MN,Ulaanbaatar
MR-01,MR,Hodh Ech Chargui
MR-02,MR,Hodh El Gharbi
MR-03,MR,Assaba
MR-04,MR,Gorgol
MR-05,MR,Brakna
MR-06,MR,Trarza
MR-07,MR,Adrar
MR-08,MR,Dakhlet Nouadhibou
MR-09,MR,Tagant
MR-10,MR,Guidimaka
MR-11,MR,Tiris Zemmour
MR-12,MR,Inchiri
MR-13,MR,Nouakchott Ouest
MR-14,MR,Nouakchott Nord
MR-15,MR,Nouakchott Sud
MT-01,MT,Attard
MT-02,MT,Balzan
MT-03,MT,Birgu
MT-04,MT,Birkirkara
MT-05,MT,Birżebbuġa
MT-06,MT,Cospicua
MT-07,MT,Dingli
MT-08,MT,Fgura
MT-09,MT,Floriana
MT-10,MT,Fontana
MT-11,MT,Gudja
MT-12,MT,Gżira
MT-13,MT,Għajnsielem
MT-14,MT,Għarb
MT-15,MT,Għargħur
MT-16,MT,Għasri
MT-17,MT,Għaxaq
MT-18,MT,Ħamrun
MT-19,MT,Iklin
MT-20,MT,Senglea
MT-21,MT,Kalkara
MT-22,MT,Kerċem
MT-23,MT,Kirkop
MT-24,MT,Lija
MT-25,MT,Luqa
MT-26,MT,Marsa
MT-27,MT,Marsaskala
MT-28,MT,Marsaxlokk
MT-29,MT,Mdina
MT-30,MT,Mellieħa
MT-31,MT,Mġarr
MT-32,MT,Mosta
MT-33,MT,Mqabba
MT-34,MT,Msida
MT-35,MT,Imtarfa
MT-36,MT,Munxar
MT-37,MT,Nadur
MT-38,MT,Naxxar
MT-39,MT,Paola
MT-40,MT,Pembroke
MT-41,MT,Pietà
MT-42,MT,Qala
MT-43,MT,Qormi
MT-44,MT,Qrendi
MT-45,MT,Victoria
MT-46,MT,Rabat
MT-47,MT,Safi
MT-48,MT,St. Julian’s
MT-49,MT,San Ġwann
MT-50,MT,Saint Lawrence
MT-51,MT,St. Paul’s Bay
MT-52,MT,Sannat
MT-53,MT,Santa Luċija
MT-54,MT,Santa Venera
MT-55,MT,Siġġiewi
MT-56,MT,Sliema
MT-57,MT,Swieqi
MT-58,MT,Ta’ Xbiex
MT-59,MT,Tarxien
MT-60,MT,Valletta
MT-61,MT,Xagħra
MT-62,MT,Xewkija
MT-63,MT,Xgħajra
MT-64,MT,Żabbar
MT-65,MT,Żebbuġ Gozo
MT-66,MT,Żebbuġ
MT-67,MT,Żejtun
MT-68,MT,Żurrieq
MU-AG,MU,Agaléga
MU-BL,MU,Rivière Noire
MU-BR,MU,Beau-Bassin Rose-Hill
MU-CC,MU,Cargados Carajos
MU-CU,MU,Curepipe
MU-FL,MU,Flacq
MU-GP,MU,Grand Port
MU-MO,MU,Moka
MU-PA,MU,Pamplemousses
MU-PL,MU,Port Louis District
MU-PU,MU,Port Louis
MU-PW,MU,Plaines Wilhems
MU-QB,MU,Quatre Bornes
MU-RO,MU,Rodrigues
MU-RR,MU,Rivière du Rempart
MU-SA,MU,Savanne
MU-VP,MU,Vacoas-Phoenix
MV-00,MV,Alif Dhaal
MV-01,MV,Addu
MV-02,MV,Alif Alif
MV-03,MV,Lhaviyani
MV-04,MV,Vaavu
MV-05,MV,Laamu
MV-07,MV,Haa Alif
MV-08,MV,Thaa
MV-12,MV,Meemu
MV-13,MV,Raa
MV-14,MV,Faafu
MV-17,MV,Dhaalu
MV-20,MV,Baa
MV-23,MV,Haa Dhaalu
MV-24,MV,Shaviyani
MV-25,MV,Noonu
MV-26,MV,Kaafu
MV-27,MV,Gaafu Alif
MV-28,MV,Gaafu Dhaalu
MV-29,MV,Gnaviyani
MV-CE,MV,Central Province
MV-MLE,MV,Malé
MV-NC,MV,North Central Province
MV-NO,MV,North Province
MV-SC,MV,South Central Province
MV-SU,MV,South Province
MV-UN,MV,Upper North Province
MV-US,MV,Upper South Province
MW-BA,MW,Balaka
MW-BL,MW,Blantyre
MW-C,MW,Central
MW-CK,MW,Chikwawa
MW-CR,MW,Chiradzulu
MW-CT,MW,Chitipa
MW-DE,MW,Dedza
MW-DO,MW,Dowa
MW-KR,MW,Karonga
MW-KS,MW,Kasungu
MW-LI,MW,Lilongwe
MW-LK,MW,Likoma
MW-MC,MW,Mchinji
MW-MG,MW,Mangochi
MW-MH,MW,Machinga
MW-MU,MW,Mulanje
MW-MW,MW,Mwanza
MW-MZ,MW,Mzimba
MW-N,MW,Northern
MW-NB,MW,Nkhata Bay
MW-NE,MW,Neno
MW-NI,MW,Ntchisi
MW-NK,MW,Nkhotakota
MW-NS,MW,Nsanje
MW-NU,MW,Ntcheu
MW-PH,MW,Phalombe
MW-RU,MW,Rumphi
MW-S,MW,Southern
MW-SA,MW,Salima
MW-TH,MW,Thyolo
MW-ZO,MW,Zomba
MX-AGU,MX,Aguascalientes
MX-BCN,MX,Baja California
MX-BCS,MX,Baja California Sur
MX-CAM,MX,Campeche
MX-CHH,MX,Chihuahua
MX-CHP,MX,Chiapas
MX-CMX,MX,Ciudad de Mexico
MX-COA,MX,Coahuila
MX-COL,MX,Colima
MX-DIF,MX,Mexico City
MX-DUR,MX,Durango
MX-GRO,MX,Guerrero
MX-GUA,MX,Guanajuato
MX-HID,MX,Hidalgo
MX-JAL,MX,Jalisco
MX-MEX,MX,Mexico State
MX-MIC,MX,Michoacán
MX-MOR,MX,Morelos
MX-NAY,MX,Nayarit
MX-NLE,MX,Nuevo León
MX-OAX,MX,Oaxaca
MX-PUE,MX,Puebla
MX-QUE,MX,Querétaro
MX-ROO,MX,Quintana Roo
MX-SIN,MX,Sinaloa
MX-SLP,MX,San Luis Potosí
MX-SON,MX,Sonora
MX-TAB,MX,Tabasco
MX-TAM,MX,Tamaulipas
MX-TLA,MX,Tlaxcala
MX-VER,MX,Veracruz
MX-YUC,MX,Yucatán
MX-ZAC,MX,Zacatecas
MY-01,MY,Johor
MY-02,MY,Kedah
MY-03,MY,Kelantan
MY-04,MY,Malacca
MY-05,MY,Negeri Sembilan
MY-06,MY,Pahang
MY-07,MY,Penang
MY-08,MY,Perak
MY-09,MY,Perlis
MY-10,MY,Selangor
MY-11,MY,Terengganu
MY-12,MY,Sabah
MY-13,MY,Sarawak
MY-14,MY,Kuala Lumpur
MY-15,MY,Labuan
MY-16,MY,Putrajaya
MZ-A,MZ,Niassa
MZ-B,MZ,Manica
MZ-G,MZ,Gaza
MZ-I,MZ,Inhambane
MZ-L,MZ,Maputo Province
MZ-MPM,MZ,Maputo
MZ-N,MZ,Nampula
MZ-P,MZ,Cabo Delgado
MZ-Q,MZ,Zambezia
MZ-S,MZ,Sofala
MZ-T,MZ,Tete
NA-CA,NA,Zambezi
NA-ER,NA,Erongo
NA-HA,NA,Hardap
NA-KA,NA,Karas
NA-KE,NA,Kavango East
NA-KH,NA,Khomas
NA-KU,NA,Kunene
NA-KW,NA,Kavango West
NA-OD,NA,Otjozondjupa
NA-OH,NA,Omaheke
NA-ON,NA,Oshana
NA-OS,NA,Omusati
NA-OT,NA,Oshikoto
NA-OW,NA,Ohangwena
NE-1,NE,Agadez
NE-2,NE,Diffa
NE-3,NE,Dosso
NE-4,NE,Maradi
NE-5,NE,Tahoua
NE-6,NE,Tillabéri
NE-7,NE,Zinder
NE-8,NE,Niamey
NG-AB,NG,Abia
NG-AD,NG,Adamawa
NG-AK,NG,Akwa Ibom
NG-AN,NG,Anambra
NG-BA,NG,Bauchi
NG-BE,NG,Benue
NG-BO,NG,Borno
NG-BY,NG,Bayelsa
NG-CR,NG,Cross River
NG-DE,NG,Delta
NG-EB,NG,Ebonyi
NG-ED,NG,Edo
NG-EK,NG,Ekiti
NG-EN,NG,Enugu
NG-FC,NG,Federal Capital Territory
NG-GO,NG,Gombe
NG-IM,NG,Imo
NG-JI,NG,Jigawa
NG-KD,NG,Kaduna
NG-KE,NG,Kebbi
NG-KN,NG,Kano
NG-KO,NG,Kogi
NG-KT,NG,Katsina
NG-KW,NG,Kwara
NG-LA,NG,Lagos
NG-NA,NG,Nasarawa
NG-NI,NG,Niger
NG-OG,NG,Ogun
NG-ON,NG,Ondo
NG-OS,NG,Osun
NG-OY,NG,Oyo
NG-PL,NG,Plateau
NG-RI,NG,Rivers
NG-SO,NG,Sokoto
NG-TA,NG,Taraba
NG-YO,NG,Yobe
NG-ZA,NG,Zamfara
NI-AN,NI,Atlántico Norte
NI-AS,NI,Atlántico Sur
NI-BO,NI,Boaco
NI-CA,NI,Carazo
NI-CI,NI,Chinandega
NI-CO,NI,Chontales
NI-ES,NI,Estelí
NI-GR,NI,Granada
NI-JI,NI,Jinotega
NI-LE,NI,León
NI-MD,NI,Madriz
NI-MN,NI,Managua
NI-MS,NI,Masaya
NI-MT,NI,Matagalpa
NI-NS,NI,Nueva Segovia
NI-RI,NI,Rivas
NI-SJ,NI,Río San Juan
NL-BQ1,NL,Bonaire
NL-BQ2,NL,Saba
NL-BQ3,NL,Sint Eustatius
NL-DR,NL,Drenthe
NL-FL,NL,Flevoland
NL-FR,NL,Friesland
NL-GE,NL,Gelderland
NL-GR,NL,Groningen
NL-LI,NL,Limburg
NL-NB,NL,North Brabant
NL-NH,NL,North Holland
NL-OV,NL,Overijssel
NL-UT,NL,Utrecht
NL-ZE,NL,Zeeland
NL-ZH,NL,South Holland
NO-01,NO,Østfold
NO-02,NO,Akershus
NO-03,NO,Oslo
NO-04,NO,Hedmark
NO-05,NO,Oppland
NO-06,NO,Buskerud
NO-07,NO,Vestfold
NO-08,NO,Telemark
NO-09,NO,Aust-Agder
NO-10,NO,Vest-Agder
NO-11,NO,Rogaland
NO-12,NO,Hordaland
NO-14,NO,Sogn og Fjordane
NO-15,NO,Møre og Romsdal
NO-16,NO,Sør-Trøndelag
NO-17,NO,Nord-Trøndelag
NO-18,NO,Nordland
NO-19,NO,Troms
NO-20,NO,Finnmark
NO-21,NO,Svalbard
NO-22,NO,Jan Mayen
NO-30,NO,Viken
NO-34,NO,Innlandet
NO-38,NO,Vestfold og Telemark
NO-42,NO,Agder
NO-46,NO,Vestland
NO-50,NO,Trøndelag
NO-54,NO,Tromssan ja Finmarkun
NP-1,NP,Central
NP-2,NP,Madhya Pashchimanchal
NP-3,NP,Western
NP-4,NP,Purwanchal
NP-5,NP,Sudur Pashchimanchal
NP-BA,NP,Bagmati
NP-BH,NP,Bheri
NP-DH,NP,Dhawalagiri
NP-GA,NP,Gandaki
NP-JA,NP,Janakpur
NP-KA,NP,Karnali
NP-KO,NP,Kosi
NP-LU,NP,Lumbini
NP-MA,NP,Mahakali
NP-ME,NP,Mechi
NP-NA,NP,Narayani
NP-P1,NP,Province 1
NP-P2,NP,Province 2
NP-P3,NP,Province 3
NP-P4,NP,Gandaki²
NP-P5,NP,Province 5
NP-P6,NP,Karnali²
NP-P7,NP,Province 7
NP-RA,NP,Rapti
NP-SA,NP,Sagarmatha
NP-SE,NP,Seti
NR-01,NR,Aiwo
NR-02,NR,Anabar
NR-03,NR,Anetan
NR-04,NR,Anibare
NR-05,NR,Baiti
NR-06,NR,Boe
NR-07,NR,Buada
NR-08,NR,Denigomodu
NR-09,NR,Ewa
NR-10,NR,Ijuw
NR-11,NR,Meneng
NR-12,NR,Nibok
NR-13,NR,Uaboe
NR-14,NR,Yaren
NZ-AUK,NZ,Auckland
NZ-BOP,NZ,Bay of Plenty
NZ-CAN,NZ,Canterbury
NZ-CIT,NZ,Chatham Islands
NZ-GIS,NZ,Gisborne
NZ-HKB,NZ,Hawke’s Bay
NZ-MBH,NZ,Marl
NZ-MWT,NZ,Manawatu-Wanganui
NZ-NSN,NZ,Nelson
NZ-NTL,NZ,Northland
NZ-OTA,NZ,Otago
NZ-STL,NZ,Southland
NZ-TAS,NZ,Tasman
NZ-TKI,NZ,Taranaki
NZ-WGN,NZ,Wellington
NZ-WKO,NZ,Waikato
NZ-WTC,NZ,West Coast
OM-BJ,OM,Janub al Batinah
OM-BS,OM,Shamal al Batinah
OM-BU,OM,Al Buraimi
OM-DA,OM,Ad Dakhiliyah
OM-MA,OM,Muscat
OM-MU,OM,Musandam
OM-SJ,OM,Janub ash Sharqiyah
OM-SS,OM,Shamal ash Sharqiyah
OM-WU,OM,Al Wusta
OM-ZA,OM,Ad Dhahirah
OM-ZU,OM,Dhofar
PA-1,PA,Bocas del Toro
PA-10,PA,West Panamá
PA-2,PA,Coclé
PA-3,PA,Colón
PA-4,PA,Chiriquí
PA-5,PA,Darién
PA-6,PA,Herrera
PA-7,PA,Los Santos
PA-8,PA,Panamá
PA-9,PA,Veraguas
PA-EM,PA,Emberá
PA-KY,PA,Guna Yala
PA-NB,PA,Ngöbe-Buglé
PA-NT,PA,Naso Tjër Di
PE-AMA,PE,Amazonas
PE-ANC,PE,Ancash
PE-APU,PE,Apurímac
PE-ARE,PE,Arequipa
PE-AYA,PE,Ayacucho
PE-CAJ,PE,Cajamarca
PE-CAL,PE,El Callao
PE-CUS,PE,Cusco
PE-HUC,PE,Huánuco
PE-HUV,PE,Huancavelica
PE-ICA,PE,Ica
PE-JUN,PE,Junín
PE-LAL,PE,La Libertad
PE-LAM,PE,Lambayeque
PE-LIM,PE,Lima Region
PE-LMA,PE,Lima
PE-LOR,PE,Loreto
PE-MDD,PE,Madre de Dios
PE-MOQ,PE,Moquegua
PE-PAS,PE,Pasco
PE-PIU,PE,Piura
PE-PUN,PE,Puno
PE-SAM,PE,San Martín
PE-TAC,PE,Tacna
PE-TUM,PE,Tumbes
PE-UCA,PE,Ucayali
PG-CPK,PG,Chimbu
PG-CPM,PG,Central
PG-EBR,PG,East New Britain
PG-EHG,PG,Eastern Highlands
PG-EPW,PG,Enga
PG-ESW,PG,East Sepik
PG-GPK,PG,Gulf
PG-HLA,PG,Hela
PG-JWK,PG,Jiwaka
PG-MBA,PG,Milne Bay
PG-MPL,PG,Morobe
PG-MPM,PG,Madang
PG-MRL,PG,Manus
PG-NCD,PG,Port Moresby
PG-NIK,PG,New Ireland
PG-NPP,PG,Oro
PG-NSB,PG,Bougainville
PG-SAN,PG,Sandaun
PG-SHM,PG,Southern Highlands
PG-WBK,PG,West New Britain
PG-WHM,PG,Western Highlands
PG-WPD,PG,Western
PH-00,PH,Metro Manila
PH-01,PH,Ilocos
PH-02,PH,Cagayan Valley
PH-03,PH,Central Luzon
PH-05,PH,Bicol
PH-06,PH,Western Visayas
PH-07,PH,Central Visayas
PH-08,PH,Eastern Visayas
PH-09,PH,Zamboanga Peninsula
PH-10,PH,Northern Mindanao
PH-11,PH,Davao
PH-12,PH,Soccsksargen
PH-13,PH,Caraga
PH-14,PH,Muslim Mindanao
PH-15,PH,Cordillera Administrative
PH-40,PH,Calabarzon
PH-41,PH,Mimaropa
PH-ABR,PH,Abra
PH-AGN,PH,Agusan del Norte
PH-AGS,PH,Agusan del Sur
PH-AKL,PH,Aklan
PH-ALB,PH,Albay
PH-ANT,PH,Antique
PH-APA,PH,Apayao
PH-AUR,PH,Aurora
PH-BAN,PH,Bataan
PH-BAS,PH,Basilan
PH-BEN,PH,Benguet
PH-BIL,PH,Biliran
PH-BOH,PH,Bohol
PH-BTG,PH,Batangas
PH-BTN,PH,Batanes
PH-BUK,PH,Bukidnon
PH-BUL,PH,Bulacan
PH-CAG,PH,Cagayan
PH-CAM,PH,Camiguin
PH-CAN,PH,Camarines Norte
PH-CAP,PH,Capiz
PH-CAS,PH,Camarines Sur
PH-CAT,PH,Catanduanes
PH-CAV,PH,Cavite
PH-CEB,PH,Cebu
PH-COM,PH,Compostela Valley
PH-DAO,PH,Davao Oriental
PH-DAS,PH,Davao del Sur
PH-DAV,PH,Davao del Norte
PH-DIN,PH,Dinagat Islands
PH-DVO,PH,Davao Occidental
PH-EAS,PH,Eastern Samar
PH-GUI,PH,Guimaras
PH-IFU,PH,Ifugao
PH-ILI,PH,Iloilo
PH-ILN,PH,Ilocos Norte
PH-ILS,PH,Ilocos Sur
PH-ISA,PH,Isabela
PH-KAL,PH,Kalinga
PH-LAG,PH,Laguna
PH-LAN,PH,Lanao del Norte
PH-LAS,PH,Lanao del Sur
PH-LEY,PH,Leyte
PH-LUN,PH,La Union
PH-MAD,PH,Marinduque
PH-MAG,PH,Maguindanao
PH-MAS,PH,Masbate
PH-MDC,PH,Occidental Mindoro
PH-MDR,PH,Oriental Mindoro
PH-MGN,PH,Maguindanao del Norte
PH-MGS,PH,Maguindanao del Sur
PH-MOU,PH,Mountain
PH-MSC,PH,Misamis Occidental
PH-MSR,PH,Misamis Oriental
PH-NCO,PH,Cotabato
PH-NEC,PH,Negros Occidental
PH-NER,PH,Negros Oriental
PH-NSA,PH,Northern Samar
PH-NUE,PH,Nueva Ecija
PH-NUV,PH,Nueva Vizcaya
PH-PAM,PH,Pampanga
PH-PAN,PH,Pangasinan
PH-PLW,PH,Palawan
PH-QUE,PH,Quezon
PH-QUI,PH,Quirino
PH-RIZ,PH,Rizal
PH-ROM,PH,Romblon
PH-SAR,PH,Sarangani
PH-SCO,PH,South Cotabato
PH-SIG,PH,Siquijor
PH-SLE,PH,Southern Leyte
PH-SLU,PH,Sulu
PH-SOR,PH,Sorsogon
PH-SUK,PH,Sultan Kudarat
PH-SUN,PH,Surigao del Norte
PH-SUR,PH,Surigao del Sur
PH-TAR,PH,Tarlac
PH-TAW,PH,Tawi-Tawi
PH-WSA,PH,Samar
PH-ZAN,PH,Zamboanga del Norte
PH-ZAS,PH,Zamboanga del Sur
PH-ZMB,PH,Zambales
PH-ZSI,PH,Zamboanga Sibugay
PK-BA,PK,Balochistan
PK-GB,PK,Gilgit-Baltistan
PK-IS,PK,Islamabad
PK-JK,PK,Azad Kashmir
PK-KP,PK,Khyber Pakhtunkhwa
PK-PB,PK,Punjab
PK-SD,PK,Sindh
PK-TA,PK,Federally Administered Tribal Areas
PL-02,PL,Lower Silesia
PL-04,PL,Kuyavia-Pomerania
PL-06,PL,Lublin
PL-08,PL,Lubusz
PL-10,PL,Łódź
PL-12,PL,Lesser Poland
PL-14,PL,Mazovia
PL-16,PL,Opole
PL-18,PL,Subcarpathia
PL-20,PL,Podlachia
PL-22,PL,Pomerania
PL-24,PL,Silesia
PL-26,PL,Holy Cross
PL-28,PL,Warmia-Masuria
PL-30,PL,Greater Poland
PL-32,PL,West Pomerania
PS-BTH,PS,Bethlehem
PS-DEB,PS,Deir al-Balah
PS-GZA,PS,Gaza
PS-HBN,PS,Hebron
PS-JEM,PS,Jerusalem
PS-JEN,PS,Jenin
PS-JRH,PS,Jericho
PS-KYS,PS,Khan Yunis
PS-NBS,PS,Nablus
PS-NGZ,PS,North Gaza
PS-QQA,PS,Qalqilya
PS-RBH,PS,Ramallah and al-Bireh
PS-RFH,PS,Rafah
PS-SLT,PS,Salfit
PS-TBS,PS,Tubas
PS-TKM,PS,Tulkarm
PT-01,PT,Aveiro
PT-02,PT,Beja
PT-03,PT,Braga
PT-04,PT,Bragança
PT-05,PT,Castelo Branco
PT-06,PT,Coimbra
PT-07,PT,Évora
PT-08,PT,Faro
PT-09,PT,Guarda
PT-10,PT,Leiria
PT-11,PT,Lisbon
PT-12,PT,Portalegre
PT-13,PT,Porto
PT-14,PT,Santarém
PT-15,PT,Setúbal
PT-16,PT,Viana do Castelo
PT-17,PT,Vila Real
PT-18,PT,Viseu
PT-20,PT,Azores
PT-30,PT,Madeira
PW-002,PW,Aimeliik
PW-004,PW,Airai
PW-010,PW,Angaur
PW-050,PW,Hatohobei
PW-100,PW,Kayangel
PW-150,PW,Koror
PW-212,PW,Melekeok
PW-214,PW,Ngaraard
PW-218,PW,Ngarchelong
PW-222,PW,Ngardmau
PW-224,PW,Ngatpang
PW-226,PW,Ngchesar
PW-227,PW,Ngeremlengui
PW-228,PW,Ngiwal
PW-350,PW,Peleliu
PW-370,PW,Sonsorol
PY-1,PY,Concepción
PY-10,PY,Alto Paraná
PY-11,PY,Central
PY-12,PY,Ñeembucú
PY-13,PY,Amambay
PY-14,PY,Canindeyú
PY-15,PY,Presidente Hayes
PY-16,PY,Alto Paraguay
PY-19,PY,Boquerón
PY-2,PY,San Pedro
PY-3,PY,Cordillera
PY-4,PY,Guairá
PY-5,PY,Caaguazú
PY-6,PY,Caazapá
PY-7,PY,Itapúa
PY-8,PY,Misiones
PY-9,PY,Paraguarí
PY-ASU,PY,Asunción
QA-DA,QA,Doha
QA-KH,QA,Al Khor
QA-MS,QA,Madinat ash Shamal
QA-RA,QA,Al Rayyan
QA-SH,QA,Ash Shīḩānīyah
QA-US,QA,Umm Salal
QA-WA,QA,Al Wakrah
QA-ZA,QA,Al Daayen
RO-AB,RO,Alba
RO-AG,RO,Argeș
RO-AR,RO,Arad
RO-B,RO,Bucharest
RO-BC,RO,Bacău
RO-BH,RO,Bihor
RO-BN,RO,Bistriţa-Năsăud
RO-BR,RO,Brăila
RO-BT,RO,Botoşani
RO-BV,RO,Braşov
RO-BZ,RO,Buzău
RO-CJ,RO,Cluj
RO-CL,RO,Călărași
RO-CS,RO,Caraș-Severin
RO-CT,RO,Constanța
RO-CV,RO,Covasna
RO-DB,RO,Dâmbovița
RO-DJ,RO,Dolj
RO-GJ,RO,Gorj
RO-GL,RO,Galați
RO-GR,RO,Giurgiu
RO-HD,RO,Hunedoara
RO-HR,RO,Harghita
RO-IF,RO,Ilfov
RO-IL,RO,Ialomița
RO-IS,RO,Iași
RO-MH,RO,Mehedinți
RO-MM,RO,Maramureş
RO-MS,RO,Mureş
RO-NT,RO,Neamţ
RO-OT,RO,Olt
RO-PH,RO,Prahova
RO-SB,RO,Sibiu
RO-SJ,RO,Sălaj
RO-SM,RO,Satu Mare
RO-SV,RO,Suceava
RO-TL,RO,Tulcea
RO-TM,RO,Timiș
RO-TR,RO,Teleorman
RO-VL,RO,Vâlcea
RO-VN,RO,Vrancea
RO-VS,RO,Vaslui
RS-00,RS,Beograd
RS-01,RS,North Bačka
RS-02,RS,Central Banat
RS-03,RS,North Banat
RS-04,RS,South Banat
RS-05,RS,West Bačka
RS-06,RS,South Bačka
RS-07,RS,Srem
RS-08,RS,Mačva
RS-09,RS,Kolubara
RS-10,RS,Podunavlje
RS-11,RS,Braničevo
RS-12,RS,Šumadija
RS-13,RS,Pomoravlje
RS-14,RS,Bor
RS-15,RS,Zaječar
RS-16,RS,Zlatibor
RS-17,RS,Moravica
RS-18,RS,Raška
RS-19,RS,Rasina
RS-20,RS,Nišava
RS-21,RS,Toplica
RS-22,RS,Pirot
RS-23,RS,Jablanica
RS-24,RS,Pčinja
RS-25,RS,Kosovo
RS-26,RS,Peć
RS-27,RS,Prizren
RS-28,RS,Kosovska Mitrovica
RS-29,RS,Kosovo-Pomoravlje
RS-KM,RS,Kosovo-Metohija
RS-VO,RS,Vojvodina
RU-AD,RU,Adygea
RU-AL,RU,Altai
RU-ALT,RU,Altai Krai
RU-AMU,RU,Amur
RU-ARK,RU,Arkhangelsk
RU-AST,RU,Astrakhan
RU-BA,RU,Bashkortostan
RU-BEL,RU,Belgorod
RU-BRY,RU,Bryansk
RU-BU,RU,Buryat
RU-CE,RU,Chechen
RU-CHE,RU,Chelyabinsk
RU-CHU,RU,Chukotka Okrug
RU-CU,RU,Chuvash
RU-DA,RU,Dagestan
RU-IN,RU,Ingushetia
RU-IRK,RU,Irkutsk
RU-IVA,RU,Ivanovo
RU-KAM,RU,Kamchatka Krai
RU-KB,RU,Kabardino-Balkar
RU-KC,RU,Karachay-Cherkess
RU-KDA,RU,Krasnodar Krai
RU-KEM,RU,Kemerovo
RU-KGD,RU,Kaliningrad
RU-KGN,RU,Kurgan
RU-KHA,RU,Khabarovsk Krai
RU-KHM,RU,Khanty-Mansi
RU-KIR,RU,Kirov
RU-KK,RU,Khakassia
RU-KL,RU,Kalmykia
RU-KLU,RU,Kaluga
RU-KO,RU,Komi
RU-KOS,RU,Kostroma
RU-KR,RU,Karelia
RU-KRS,RU,Kursk
RU-KYA,RU,Krasnoyarsk Krai
RU-LEN,RU,Leningrad
RU-LIP,RU,Lipetsk
RU-MAG,RU,Magadan
RU-ME,RU,Mari El
RU-MO,RU,Mordovia
RU-MOS,RU,Moscow Province
RU-MOW,RU,Moscow
RU-MUR,RU,Murmansk
RU-NEN,RU,Nenets
RU-NGR,RU,Novgorod
RU-NIZ,RU,Nizhny Novgorod
RU-NVS,RU,Novosibirsk
RU-OMS,RU,Omsk
RU-ORE,RU,Orenburg
RU-ORL,RU,Oryol
RU-PER,RU,Perm Krai
RU-PNZ,RU,Penza
RU-PRI,RU,Primorsky Krai
RU-PSK,RU,Pskov
RU-ROS,RU,Rostov
RU-RYA,RU,Ryazan
RU-SA,RU,Sakha
RU-SAK,RU,Sakhalin
RU-SAM,RU,Samara
RU-SAR,RU,Saratov
RU-SE,RU,North Ossetia-Alania
RU-SMO,RU,Smolensk
RU-SPE,RU,Saint Petersburg
RU-STA,RU,Stavropol Krai
RU-SVE,RU,Sverdlovsk
RU-TA,RU,Tatarstan
RU-TAM,RU,Tambov
RU-TOM,RU,Tomsk
RU-TUL,RU,Tula
RU-TVE,RU,Tver
RU-TY,RU,Tuva
RU-TYU,RU,Tyumen
RU-UD,RU,Udmurt
RU-ULY,RU,Ulyanovsk
RU-VGG,RU,Volgograd
RU-VLA,RU,Vladimir
RU-VLG,RU,Vologda
RU-VOR,RU,Voronezh
RU-YAN,RU,Yamalo-Nenets Okrug
RU-YAR,RU,Yaroslavl
RU-YEV,RU,Jewish
RU-ZAB,RU,Zabaykalsky Krai
RW-01,RW,Kigali
RW-02,RW,Eastern
RW-03,RW,Northern
RW-04,RW,Western
RW-05,RW,Southern
SA-01,SA,Riyadh
SA-02,SA,Makkah
SA-03,SA,Al Madinah
SA-04,SA,Eastern
SA-05,SA,Al-Qassim
SA-06,SA,Ha’il
SA-07,SA,Tabuk
SA-08,SA,Northern Borders
SA-09,SA,Jizan
SA-10,SA,Najran
SA-11,SA,Al Bahah
SA-12,SA,Al Jawf
SA-14,SA,Asir
SB-CE,SB,Central
SB-CH,SB,Choiseul
SB-CT,SB,Honiara
SB-GU,SB,Guadalcanal
SB-IS,SB,Isabel
SB-MK,SB,Makira-Ulawa
SB-ML,SB,Malaita
SB-RB,SB,Rennell and Bellona
SB-TE,SB,Temotu
SB-WE,SB,Western
SC-01,SC,Anse aux Pins
SC-02,SC,Anse Boileau
SC-03,SC,Anse Etoile
SC-04,SC,Au Cap
SC-05,SC,Anse Royale
SC-06,SC,Baie Lazare
SC-07,SC,Baie Sainte Anne
SC-08,SC,Beau Vallon
SC-09,SC,Bel Air
SC-10,SC,Bel Ombre
SC-11,SC,Cascade
SC-12,SC,Glacis
SC-13,SC,Grand’Anse Mahé
SC-14,SC,Grand’Anse Praslin
SC-15,SC,La Digue
SC-16,SC,La Rivière Anglaise
SC-17,SC,Mont Buxton
SC-18,SC,Mont Fleuri
SC-19,SC,Plaisance
SC-20,SC,Pointe La Rue
SC-21,SC,Port Glaud
SC-22,SC,Saint Louis
SC-23,SC,Takamaka
SC-24,SC,Les Mamelles
SC-25,SC,Roche Caiman
SC-26,SC,Ile Perseverance I
SC-27,SC,Ile Perseverance II
SD-DC,SD,Central Darfur
SD-DE,SD,East Darfur
SD-DN,SD,North Darfur
SD-DS,SD,South Darfur
SD-DW,SD,West Darfur
SD-GD,SD,Al Qadarif
SD-GK,SD,West Kurdufan
SD-GZ,SD,Al Jazirah
SD-KA,SD,Kassala
SD-KH,SD,Khartoum
SD-KN,SD,North Kurdufan
SD-KS,SD,South Kurdufan
SD-NB,SD,Blue Nile
SD-NO,SD,Northern
SD-NR,SD,River Nile
SD-NW,SD,White Nile
SD-RS,SD,Red Sea
SD-SI,SD,Sennar
SE-AB,SE,Stockholm
SE-AC,SE,Västerbotten
SE-BD,SE,Norrbotten
SE-C,SE,Uppsala
SE-D,SE,Södermanland
SE-E,SE,Östergötland
SE-F,SE,Jönköping
SE-G,SE,Kronoberg
SE-H,SE,Kalmar
SE-I,SE,Gotland
SE-K,SE,Blekinge
SE-M,SE,Skåne
SE-N,SE,Halland
SE-O,SE,Västra Götaland
SE-S,SE,Värmland
SE-T,SE,Örebro
SE-U,SE,Västmanland
SE-W,SE,Dalarna
SE-X,SE,Gävleborg
SE-Y,SE,Västernorrland
SE-Z,SE,Jämtland
SG-01,SG,Central Singapore
SG-02,SG,North East
SG-03,SG,North West
SG-04,SG,South East
SG-05,SG,South West
SH-AC,SH,Ascension Island
SH-HL,SH,Saint Helena
SI-001,SI,Ajdovščina
SI-002,SI,Beltinci
SI-003,SI,Bled
SI-004,SI,Bohinj
SI-005,SI,Borovnica
SI-006,SI,Bovec
SI-007,SI,Brda
SI-008,SI,Brezovica
SI-009,SI,Brežice
SI-010,SI,Tišina
SI-011,SI,Celje
SI-012,SI,Cerklje na Gorenjskem
SI-013,SI,Cerknica
SI-014,SI,Cerkno
SI-015,SI,Črenšovci
SI-016,SI,Črna na Koroškem
SI-017,SI,Črnomelj
SI-018,SI,Destrnik
SI-019,SI,Divača
SI-020,SI,Dobrepolje
SI-021,SI,Dobrova–Polhov Gradec
SI-022,SI,Dol pri Ljubljani
SI-023,SI,Domžale
SI-024,SI,Dornava
SI-025,SI,Dravograd
SI-026,SI,Duplek
SI-027,SI,Gorenja Vas–Poljane
SI-028,SI,Gorišnica
SI-029,SI,Gornja Radgona
SI-030,SI,Gornji Grad
SI-031,SI,Gornji Petrovci
SI-032,SI,Grosuplje
SI-033,SI,Šalovci
SI-034,SI,Hrastnik
SI-035,SI,Hrpelje–Kozina
SI-036,SI,Idrija
SI-037,SI,Ig
SI-038,SI,Ilirska Bistrica
SI-039,SI,Ivančna Gorica
SI-040,SI,Izola
SI-041,SI,Jesenice
SI-042,SI,Juršinci
SI-043,SI,Kamnik
SI-044,SI,Kanal
SI-045,SI,Kidričevo
SI-046,SI,Kobarid
SI-047,SI,Kobilje
SI-048,SI,Kočevje
SI-049,SI,Komen
SI-050,SI,Koper
SI-051,SI,Kozje
SI-052,SI,Kranj
SI-053,SI,Kranjska Gora
SI-054,SI,Krško
SI-055,SI,Kungota
SI-056,SI,Kuzma
SI-057,SI,Laško
SI-058,SI,Lenart
SI-059,SI,Lendava
SI-060,SI,Litija
SI-061,SI,Ljubljana
SI-062,SI,Ljubno
SI-063,SI,Ljutomer
SI-064,SI,Logatec
SI-065,SI,Loška Dolina
SI-066,SI,Loški Potok
SI-067,SI,Luče
SI-068,SI,Lukovica
SI-069,SI,Majšperk
SI-070,SI,Maribor
SI-071,SI,Medvode
SI-072,SI,Mengeš
SI-073,SI,Metlika
SI-074,SI,Mežica
SI-075,SI,Miren–Kostanjevica
SI-076,SI,Mislinja
SI-077,SI,Moravče
SI-078,SI,Moravske Toplice
SI-079,SI,Mozirje
SI-080,SI,Murska Sobota
SI-081,SI,Muta
SI-082,SI,Naklo
SI-083,SI,Nazarje
SI-084,SI,Nova Gorica
SI-085,SI,Novo Mesto
SI-086,SI,Odranci
SI-087,SI,Ormož
SI-088,SI,Osilnica
SI-089,SI,Pesnica
SI-090,SI,Piran
SI-091,SI,Pivka
SI-092,SI,Podčetrtek
SI-093,SI,Podvelka
SI-094,SI,Postojna
SI-095,SI,Preddvor
SI-096,SI,Ptuj
SI-097,SI,Puconci
SI-098,SI,Rače–Fram
SI-099,SI,Radeče
SI-100,SI,Radenci
SI-101,SI,Radlje ob Dravi
SI-102,SI,Radovljica
SI-103,SI,Ravne na Koroškem
SI-104,SI,Ribnica
SI-105,SI,Rogašovci
SI-106,SI,Rogaška Slatina
SI-107,SI,Rogatec
SI-108,SI,Ruše
SI-109,SI,Semič
SI-110,SI,Sevnica
SI-111,SI,Sežana
SI-112,SI,Slovenj Gradec
SI-113,SI,Slovenska Bistrica
SI-114,SI,Slovenske Konjice
SI-115,SI,Starše
SI-116,SI,Sveti Jurij
SI-117,SI,Šenčur
SI-118,SI,Šentilj
SI-119,SI,Šentjernej
SI-120,SI,Šentjur
SI-121,SI,Škocjan
SI-122,SI,Škofja Loka
SI-123,SI,Škofljica
SI-124,SI,Šmarje pri Jelšah
SI-125,SI,Šmartno ob Paki
SI-126,SI,Šoštanj
SI-127,SI,Štore
SI-128,SI,Tolmin
SI-129,SI,Trbovlje
SI-130,SI,Trebnje
SI-131,SI,Tržič
SI-132,SI,Turnišče
SI-133,SI,Velenje
SI-134,SI,Velike Lašče
SI-135,SI,Videm
SI-136,SI,Vipava
SI-137,SI,Vitanje
SI-138,SI,Vodice
SI-139,SI,Vojnik
SI-140,SI,Vrhnika
SI-141,SI,Vuzenica
SI-142,SI,Zagorje ob Savi
SI-143,SI,Zavrč
SI-144,SI,Zreče
SI-146,SI,Železniki
SI-147,SI,Žiri
SI-148,SI,Benedikt
SI-149,SI,Bistrica ob Sotli
SI-150,SI,Bloke
SI-151,SI,Braslovče
SI-152,SI,Cankova
SI-153,SI,Cerkvenjak
SI-154,SI,Dobje
SI-155,SI,Dobrna
SI-156,SI,Dobrovnik
SI-157,SI,Dolenjske Toplice
SI-158,SI,Grad
SI-159,SI,Hajdina
SI-160,SI,Hoče–Slivnica
SI-161,SI,Hodoš
SI-162,SI,Horjul
SI-163,SI,Jezersko
SI-164,SI,Komenda
SI-165,SI,Kostel
SI-166,SI,Križevci
SI-167,SI,Lovrenc na Pohorju
SI-168,SI,Markovci
SI-169,SI,Miklavž na Dravskem Polju
SI-170,SI,Mirna Peč
SI-171,SI,Oplotnica
SI-172,SI,Podlehnik
SI-173,SI,Polzela
SI-174,SI,Prebold
SI-175,SI,Prevalje
SI-176,SI,Razkrižje
SI-177,SI,Ribnica na Pohorju
SI-178,SI,Selnica ob Dravi
SI-179,SI,Sodražica
SI-180,SI,Solčava
SI-181,SI,Sveta Ana
SI-182,SI,Sveti Andraž v Slovenskih Goricah
SI-183,SI,Šempeter–Vrtojba
SI-184,SI,Tabor
SI-185,SI,Trnovska Vas
SI-186,SI,Trzin
SI-187,SI,Velika Polana
SI-188,SI,Veržej
SI-189,SI,Vransko
SI-190,SI,Žalec
SI-191,SI,Žetale
SI-192,SI,Žirovnica
SI-193,SI,Žužemberk
SI-194,SI,Šmartno pri Litiji
SI-195,SI,Apače
SI-196,SI,Cirkulane
SI-197,SI,Kostanjevica na Krki
SI-198,SI,Makole
SI-199,SI,Mokronog–Trebelno
SI-200,SI,Poljčane
SI-201,SI,Renče–Vogrsko
SI-202,SI,Središče ob Dravi
SI-203,SI,Straža
SI-204,SI,Sveta Trojica v Slovenskih Goricah
SI-205,SI,Sveti Tomaž
SI-206,SI,Šmarješke Toplice
SI-207,SI,Gorje
SI-208,SI,Log–Dragomer
SI-209,SI,Rečica ob Savinji
SI-210,SI,Sveti Jurij v Slovenskih Goricah
SI-211,SI,Šentrupert
SI-212,SI,Mirna
SI-213,SI,Ankaran
SK-BC,SK,Banská Bystrica
SK-BL,SK,Bratislava
SK-KI,SK,Košice
SK-NI,SK,Nitra
SK-PV,SK,Prešov
SK-TA,SK,Trnava
SK-TC,SK,Trenčín
SK-ZI,SK,Žilina
SL-E,SL,Eastern
SL-N,SL,Northern
SL-NW,SL,North Western
SL-S,SL,Southern
SL-W,SL,Western Area
SM-01,SM,Acquaviva
SM-02,SM,Chiesanuova
SM-03,SM,Domagnano
SM-04,SM,Faetano
SM-05,SM,Fiorentino
SM-06,SM,Borgo Maggiore
SM-07,SM,San Marino
SM-08,SM,Montegiardino
SM-09,SM,Serravalle
SN-DB,SN,Diourbel
SN-DK,SN,Dakar
SN-FK,SN,Fatick
SN-KA,SN,Kaffrine
SN-KD,SN,Kolda
SN-KE,SN,Kédougou
SN-KL,SN,Kaolack
SN-LG,SN,Louga
SN-MT,SN,Matam
SN-SE,SN,Sédhiou
SN-SL,SN,Saint-Louis
SN-TC,SN,Tambacounda
SN-TH,SN,Thiès
SN-ZG,SN,Ziguinchor
SO-AW,SO,Awdal
SO-BK,SO,Bakool
SO-BN,SO,Banaadir
SO-BR,SO,Bari
SO-BY,SO,"Bay, Somalia"
SO-GA,SO,Galguduud
SO-GE,SO,Gedo
SO-HI,SO,Hiran
SO-JD,SO,Middle Juba
SO-JH,SO,Lower Juba
SO-MU,SO,Mudug
SO-NU,SO,Nugal
SO-SA,SO,Sanaag
SO-SD,SO,Middle Shebelle
SO-SH,SO,Lower Shebelle
SO-SO,SO,Sool
SO-TO,SO,Togdheer
SO-WO,SO,Woqooyi Galbeed
SR-BR,SR,Brokopondo
SR-CM,SR,Commewijne
SR-CR,SR,Coronie
SR-MA,SR,Marowijne
SR-NI,SR,Nickerie
SR-PM,SR,Paramaribo
SR-PR,SR,Para
SR-SA,SR,Saramacca
SR-SI,SR,Sipaliwini
SR-WA,SR,Wanica
SS-BN,SS,Northern Bahr el Ghazal
SS-BW,SS,Western Bahr el Ghazal
SS-EC,SS,Central Equatoria
SS-EE,SS,Eastern Equatoria
SS-EW,SS,Western Equatoria
SS-JG,SS,Jonglei
SS-LK,SS,Lakes
SS-NU,SS,Upper Nile
SS-UY,SS,Unity
SS-WR,SS,Warrap
ST-01,ST,Água Grande
ST-02,ST,Cantagalo
ST-03,ST,Caué
ST-04,ST,Lembá
ST-05,ST,Lobata
ST-06,ST,Mé-Zóchi
ST-P,ST,Príncipe
ST-S,ST,São Tomé
SV-AH,SV,Ahuachapán
SV-CA,SV,Cabañas
SV-CH,SV,Chalatenango
SV-CU,SV,Cuscatlán
SV-LI,SV,La Libertad
SV-MO,SV,Morazán
SV-PA,SV,La Paz
SV-SA,SV,Santa Ana
SV-SM,SV,San Miguel
SV-SO,SV,Sonsonate
SV-SS,SV,San Salvador
SV-SV,SV,San Vicente
SV-UN,SV,La Unión
SV-US,SV,Usulután
SY-DI,SY,Damascus
SY-DR,SY,Daraa
SY-DY,SY,Deir ez-Zor
SY-HA,SY,Al-Hasakah
SY-HI,SY,Homs
SY-HL,SY,Aleppo
SY-HM,SY,Hama
SY-ID,SY,Idlib
SY-LA,SY,Latakia
SY-QU,SY,Quneitra
SY-RA,SY,Ar-Raqqah
SY-RD,SY,Rif Dimashq
SY-SU,SY,As-Suwayda
SY-TA,SY,Tartus
SZ-HH,SZ,Hhohho
SZ-LU,SZ,Lubombo
SZ-MA,SZ,Manzini
SZ-SH,SZ,Shiselweni
TD-BA,TD,Batha
TD-BG,TD,Bahr el Gazel
TD-BO,TD,Borkou
TD-CB,TD,Chari-Baguirmi
TD-EE,TD,Ennedi-Est
TD-EO,TD,Ennedi-Ouest
TD-GR,TD,Guéra
TD-HL,TD,Hadjer-Lamis
TD-KA,TD,Kanem
TD-LC,TD,Lac
TD-LO,TD,Logone Occidental
TD-LR,TD,Logone Oriental
TD-MA,TD,Mandoul
TD-MC,TD,Moyen-Chari
TD-ME,TD,Mayo-Kebbi Est
TD-MO,TD,Mayo-Kebbi Ouest
TD-ND,TD,N’Djamena
TD-OD,TD,Ouaddaï
TD-SA,TD,Salamat
TD-SI,TD,Sila
TD-TA,TD,Tandjilé
TD-TI,TD,Tibesti
TD-WF,TD,Wadi Fira
TG-C,TG,Centrale
TG-K,TG,Kara
TG-M,TG,Maritime
TG-P,TG,Plateaux
TG-S,TG,Savanes
TH-10,TH,Bangkok
TH-11,TH,Samut Prakan
TH-12,TH,Nonthaburi
TH-13,TH,Pathum Thani
TH-14,TH,Phra Nakhon Si Ayutthaya
TH-15,TH,Ang Thong
TH-16,TH,Lopburi
TH-17,TH,Sing Buri
TH-18,TH,Chai Nat
TH-19,TH,Saraburi
TH-20,TH,Chon Buri
TH-21,TH,Rayong
TH-22,TH,Chanthaburi
TH-23,TH,Trat
TH-24,TH,Chachoengsao
TH-25,TH,Prachin Buri
TH-26,TH,Nakhon Nayok
TH-27,TH,Sa Kaeo
TH-30,TH,Nakhon Ratchasima
TH-31,TH,Buri Ram
TH-32,TH,Surin
TH-33,TH,Si Sa Ket
TH-34,TH,Ubon Ratchathani
TH-35,TH,Yasothon
TH-36,TH,Chaiyaphum
TH-37,TH,Amnat Charoen
TH-38,TH,Bueng Kan
TH-39,TH,Nong Bua Lam Phu
TH-40,TH,Khon Kaen
TH-41,TH,Udon Thani
TH-42,TH,Loei
TH-43,TH,Nong Khai
TH-44,TH,Maha Sarakham
TH-45,TH,Roi Et
TH-46,TH,Kalasin
TH-47,TH,Sakon Nakhon
TH-48,TH,Nakhon Phanom
TH-49,TH,Mukdahan
TH-50,TH,Chiang Mai
TH-51,TH,Lamphun
TH-52,TH,Lampang
TH-53,TH,Uttaradit
TH-54,TH,Phrae
TH-55,TH,Nan
TH-56,TH,Phayao
TH-57,TH,Chiang Rai
TH-58,TH,Mae Hong Son
TH-60,TH,Nakhon Sawan
TH-61,TH,Uthai Thani
TH-62,TH,Kamphaeng Phet
TH-63,TH,Tak
TH-64,TH,Sukhothai
TH-65,TH,Phitsanulok
TH-66,TH,Phichit
TH-67,TH,Phetchabun
TH-70,TH,Ratchaburi
TH-71,TH,Kanchanaburi
TH-72,TH,Suphanburi
TH-73,TH,Nakhon Pathom
TH-74,TH,Samut Sakhon
TH-75,TH,Samut Songkhram
TH-76,TH,Phetchaburi
TH-77,TH,Prachuap Khiri Khan
TH-80,TH,Nakhon Si Thammarat
TH-81,TH,Krabi
TH-82,TH,Phang Nga
TH-83,TH,Phuket
TH-84,TH,Surat Thani
TH-85,TH,Ranong
TH-86,TH,Chumphon
TH-90,TH,Songkhla
TH-91,TH,Satun
TH-92,TH,Trang
TH-93,TH,Phatthalung
TH-94,TH,Pattani
TH-95,TH,Yala
TH-96,TH,Narathiwat
TH-S,TH,Pattaya
TJ-DU,TJ,Dushanbe
TJ-GB,TJ,Gorno-Badakhshan
TJ-KT,TJ,Khatlon
TJ-RA,TJ,Nohiyahoi Tobei Jumhurí
TJ-SU,TJ,Sughd
TL-AL,TL,Aileu
TL-AN,TL,Ainaro
TL-BA,TL,Baucau
TL-BO,TL,Bobonaro
TL-CO,TL,Cova Lima
TL-DI,TL,Dili
TL-ER,TL,Ermera
TL-LA,TL,Lautém
TL-LI,TL,Liquiçá
TL-MF,TL,Manufahi
TL-MT,TL,Manatuto
TL-OE,TL,Oecusse
TL-VI,TL,Viqueque
TM-A,TM,Ahal
TM-B,TM,Balkan
TM-D,TM,Daşoguz
TM-L,TM,Lebap
TM-M,TM,Mary
TM-S,TM,Aşgabat
TN-11,TN,Tunis
TN-12,TN,Ariana
TN-13,TN,Ben Arous
TN-14,TN,Manouba
TN-21,TN,Nabeul
TN-22,TN,Zaghouan
TN-23,TN,Bizerte
TN-31,TN,Béja
TN-32,TN,Jendouba
TN-33,TN,Kef
TN-34,TN,Siliana
TN-41,TN,Kairouan
TN-42,TN,Kasserine
TN-43,TN,Sidi Bouzid
TN-51,TN,Sousse
TN-52,TN,Monastir
TN-53,TN,Mahdia
TN-61,TN,Sfax
TN-71,TN,Gafsa
TN-72,TN,Tozeur
TN-73,TN,Kebili
TN-81,TN,Gabès
TN-82,TN,Medenine
TN-83,TN,Tataouine
TO-01,TO,ʻEua
TO-02,TO,Haʻapai
TO-03,TO,Niuas
TO-04,TO,Tongatapu
TO-05,TO,Vavaʻu
TR-01,TR,Adana
TR-02,TR,Adıyaman
TR-03,TR,Afyonkarahisar
TR-04,TR,Ağrı
TR-05,TR,Amasya
TR-06,TR,Ankara
TR-07,TR,Antalya
TR-08,TR,Artvin
TR-09,TR,Aydın
TR-10,TR,Balıkesir
TR-11,TR,Bilecik
TR-12,TR,Bingöl
TR-13,TR,Bitlis
TR-14,TR,Bolu
TR-15,TR,Burdur
TR-16,TR,Bursa
TR-17,TR,Çanakkale
TR-18,TR,Çankırı
TR-19,TR,Çorum
TR-20,TR,Denizli
TR-21,TR,Diyarbakır
TR-22,TR,Edirne
TR-23,TR,Elazığ
TR-24,TR,Erzincan
TR-25,TR,Erzurum
TR-26,TR,Eskişehir
TR-27,TR,Gaziantep
TR-28,TR,Giresun
TR-29,TR,Gümüşhane
TR-30,TR,Hakkâri
TR-31,TR,Hatay
TR-32,TR,Isparta
TR-33,TR,Mersin
TR-34,TR,Istanbul
TR-35,TR,Izmir
TR-36,TR,Kars
TR-37,TR,Kastamonu
TR-38,TR,Kayseri
TR-39,TR,Kırklareli
TR-40,TR,Kırşehir
TR-41,TR,Kocaeli
TR-42,TR,Konya
TR-43,TR,Kütahya
TR-44,TR,Malatya
TR-45,TR,Manisa
TR-46,TR,Kahramanmaraş
TR-47,TR,Mardin
TR-48,TR,Muğla
TR-49,TR,Muş
TR-50,TR,Nevşehir
TR-51,TR,Niğde
TR-52,TR,Ordu
TR-53,TR,Rize
TR-54,TR,Sakarya
TR-55,TR,Samsun
TR-56,TR,Siirt
TR-57,TR,Sinop
TR-58,TR,Sivas
TR-59,TR,Tekirdağ
TR-60,TR,Tokat
TR-61,TR,Trabzon
TR-62,TR,Tunceli
TR-63,TR,Şanlıurfa
TR-64,TR,Uşak
TR-65,TR,Van
TR-66,TR,Yozgat
TR-67,TR,Zonguldak
TR-68,TR,Aksaray
TR-69,TR,Bayburt
TR-70,TR,Karaman
TR-71,TR,Kırıkkale
TR-72,TR,Batman
TR-73,TR,Şırnak
TR-74,TR,Bartın
TR-75,TR,Ardahan
TR-76,TR,Iğdır
TR-77,TR,Yalova
TR-78,TR,Karabük
TR-79,TR,Kilis
TR-80,TR,Osmaniye
TR-81,TR,Düzce
TT-ARI,TT,Arima
TT-CHA,TT,Chaguanas
TT-CTT,TT,Couva-Tabaquite-Talparo
TT-DMN,TT,Diego Martin
TT-MRC,TT,Mayaro-Rio Claro
TT-PED,TT,Penal-Debe
TT-POS,TT,Port of Spain
TT-PRT,TT,Princes Town
TT-PTF,TT,Point Fortin
TT-SFO,TT,San Fernando
TT-SGE,TT,Sangre Grande
TT-SIP,TT,Siparia
TT-SJL,TT,San Juan-Laventille
TT-TOB,TT,Tobago
TT-TUP,TT,Tunapuna-Piarco
TV-FUN,TV,Funafuti
TV-NIT,TV,Niutao
TV-NKF,TV,Nukufetau
TV-NKL,TV,Nukulaelae
TV-NMA,TV,Nanumea
TV-NMG,TV,Nanumanga
TV-NUI,TV,Nui
TV-VAI,TV,Vaitupu
TW-CHA,TW,Changhua
TW-CYI,TW,Chiayi County
TW-CYQ,TW,Chiayi
TW-HSQ,TW,Hsinchu County
TW-HSZ,TW,Hsinchu
TW-HUA,TW,Hualien
TW-ILA,TW,Yilan
TW-KEE,TW,Keelung
TW-KHH,TW,Kaohsiung
TW-KIN,TW,Kinmen
TW-LIE,TW,Lienchiang
TW-MIA,TW,Miaoli
TW-NAN,TW,Nantou
TW-NWT,TW,New Taipei
TW-PEN,TW,Penghu
TW-PIF,TW,Pingtung
TW-TAO,TW,Taoyuan
TW-TNN,TW,Tainan
TW-TPE,TW,Taipei
TW-TTT,TW,Taitung
TW-TXG,TW,Taichung
TW-YUN,TW,Yunlin
TZ-01,TZ,Arusha
TZ-02,TZ,Dar es Salaam
TZ-03,TZ,Dodoma
TZ-04,TZ,Iringa
TZ-05,TZ,Kagera
TZ-06,TZ,North Pemba
TZ-07,TZ,Zanzibar North
TZ-08,TZ,Kigoma
TZ-09,TZ,Kilimanjaro
TZ-10,TZ,South Pemba
TZ-11,TZ,Zanzibar Central/South
TZ-12,TZ,Lindi
TZ-13,TZ,Mara
TZ-14,TZ,Mbeya
TZ-15,TZ,Zanzibar Urban/West
TZ-16,TZ,Morogoro
TZ-17,TZ,Mtwara
TZ-18,TZ,Mwanza
TZ-19,TZ,Pwani
TZ-20,TZ,Rukwa
TZ-21,TZ,Ruvuma
TZ-22,TZ,Shinyanga
TZ-23,TZ,Singida
TZ-24,TZ,Tabora
TZ-25,TZ,Tanga
TZ-26,TZ,Manyara
TZ-27,TZ,Geita
TZ-28,TZ,Katavi
TZ-29,TZ,Njombe
TZ-30,TZ,Simiyu
TZ-31,TZ,Songwe
UA-05,UA,Vinnychchyna
UA-07,UA,Volyn
UA-09,UA,Luhanshchyna
UA-12,UA,Dnipropetrovshchyna
UA-14,UA,Donechchyna
UA-18,UA,Zhytomyrshchyna
UA-21,UA,Zakarpattia
UA-23,UA,Zaporizhzhya
UA-26,UA,Prykarpattia
UA-30,UA,Kyiv
UA-32,UA,Kyivshchyna
UA-35,UA,Kirovohradschyna
UA-40,UA,Sevastopol
UA-43,UA,Crimea
UA-46,UA,Lvivshchyna
UA-48,UA,Mykolayivschyna
UA-51,UA,Odeshchyna
UA-53,UA,Poltavshchyna
UA-56,UA,Rivnenshchyna
UA-59,UA,Sumshchyna
UA-61,UA,Ternopilshchyna
UA-63,UA,Kharkivshchyna
UA-65,UA,Khersonshchyna
UA-68,UA,Khmelnychchyna
UA-71,UA,Cherkashchyna
UA-74,UA,Chernihivshchyna
UA-77,UA,Chernivtsi Oblast
UG-101,UG,Kalangala
UG-102,UG,Kampala
UG-103,UG,Kiboga
UG-104,UG,Luwero
UG-105,UG,Masaka
UG-106,UG,Mpigi
UG-107,UG,Mubende
UG-108,UG,Mukono
UG-109,UG,Nakasongola
UG-110,UG,Rakai
UG-111,UG,Sembabule
UG-112,UG,Kayunga
UG-113,UG,Wakiso
UG-114,UG,Lyantonde
UG-115,UG,Mityana
UG-116,UG,Nakaseke
UG-117,UG,Buikwe
UG-118,UG,Bukomansibi
UG-119,UG,Butambala
UG-120,UG,Buvuma
UG-121,UG,Gomba
UG-122,UG,Kalungu
UG-123,UG,Kyankwanzi
UG-124,UG,Lwengo
UG-125,UG,Kyotera
UG-126,UG,Kasanda
UG-201,UG,Bugiri
UG-202,UG,Busia
UG-203,UG,Iganga
UG-204,UG,Jinja
UG-205,UG,Kamuli
UG-206,UG,Kapchorwa
UG-207,UG,Katakwi
UG-208,UG,Kumi
UG-209,UG,Mbale
UG-210,UG,Pallisa
UG-211,UG,Soroti
UG-212,UG,Tororo
UG-213,UG,Kaberamaido
UG-214,UG,Mayuge
UG-215,UG,Sironko
UG-216,UG,Amuria
UG-217,UG,Budaka
UG-218,UG,Bududa
UG-219,UG,Bukedea
UG-220,UG,Bukwa
UG-221,UG,Butaleja
UG-222,UG,Kaliro
UG-223,UG,Manafwa
UG-224,UG,Namutumba
UG-225,UG,Bulambuli
UG-226,UG,Buyende
UG-227,UG,Kibuku
UG-228,UG,Kween
UG-229,UG,Luuka
UG-230,UG,Namayingo
UG-231,UG,Ngora
UG-232,UG,Serere
UG-233,UG,Butebo
UG-234,UG,Namisindwa
UG-235,UG,Bugweri
UG-236,UG,Kapelebyong
UG-237,UG,Kalaki
UG-301,UG,Adjumani
UG-302,UG,Apac
UG-303,UG,Arua
UG-304,UG,Gulu
UG-305,UG,Kitgum
UG-306,UG,Kotido
UG-307,UG,Lira
UG-308,UG,Moroto
UG-309,UG,Moyo
UG-310,UG,Nebbi
UG-311,UG,Nakapiripirit
UG-312,UG,Pader
UG-313,UG,Yumbe
UG-314,UG,Abim
UG-315,UG,Amolatar
UG-316,UG,Amuru
UG-317,UG,Dokolo
UG-318,UG,Kaabong
UG-319,UG,Koboko
UG-320,UG,Maracha
UG-321,UG,Oyam
UG-322,UG,Agago
UG-323,UG,Alebtong
UG-324,UG,Amudat
UG-325,UG,Kole
UG-326,UG,Lamwo
UG-327,UG,Napak
UG-328,UG,Nwoya
UG-329,UG,Otuke
UG-330,UG,Zombo²
UG-331,UG,Zombo
UG-332,UG,Pakwach
UG-333,UG,Kwania
UG-334,UG,Nabilatuk
UG-335,UG,Karenga
UG-336,UG,Madi-Okollo
UG-337,UG,Obongi
UG-401,UG,Bundibugyo
UG-402,UG,Bushenyi
UG-403,UG,Hoima
UG-404,UG,Kabale
UG-405,UG,Kabarole
UG-406,UG,Kasese
UG-407,UG,Kibaale
UG-408,UG,Kisoro
UG-409,UG,Masindi
UG-410,UG,Mbarara
UG-411,UG,Ntungamo
UG-412,UG,Rukungiri
UG-413,UG,Kamwenge
UG-414,UG,Kanungu
UG-415,UG,Kyenjojo
UG-416,UG,Buliisa
UG-417,UG,Ibanda
UG-418,UG,Isingiro
UG-419,UG,Kiruhura
UG-420,UG,Buhweju
UG-421,UG,Kiryandongo
UG-422,UG,Kyegegwa
UG-423,UG,Mitooma
UG-424,UG,Ntoroko
UG-425,UG,Rubirizi
UG-426,UG,Sheema
UG-427,UG,Kagadi
UG-428,UG,Kakumiro
UG-429,UG,Rubanda
UG-430,UG,Bunyangabu
UG-431,UG,Rukiga
UG-432,UG,Kikuube
UG-433,UG,Kazo
UG-434,UG,Kitagwenda
UG-435,UG,Rwampara
UG-C,UG,Central
UG-E,UG,Eastern
UG-N,UG,Northern
UG-W,UG,Western
UM-67,UM,Johnston Atoll
UM-71,UM,Midway Atoll
UM-76,UM,Navassa Island
UM-79,UM,Wake Island
UM-81,UM,Baker Island
UM-84,UM,Howland Island
UM-86,UM,Jarvis Island
UM-89,UM,Kingman Reef
UM-95,UM,Palmyra Atoll
US-AK,US,Alaska
US-AL,US,Alabama
US-AR,US,Arkansas
US-AZ,US,Arizona
US-CA,US,California
US-CO,US,Colorado
US-CT,US,Connecticut
US-DC,US,Washington DC
US-DE,US,Delaware
US-FL,US,Florida
US-GA,US,Georgia
US-HI,US,Hawaii
US-IA,US,Iowa
US-ID,US,Idaho
US-IL,US,Illinois
US-IN,US,Indiana
US-KS,US,Kansas
US-KY,US,Kentucky
US-LA,US,Louisiana
US-MA,US,Massachusetts
US-MD,US,Maryland
US-ME,US,Maine
US-MI,US,Michigan
US-MN,US,Minnesota
US-MO,US,Missouri
US-MS,US,Mississippi
US-MT,US,Montana
US-NC,US,North Carolina
US-ND,US,North Dakota
US-NE,US,Nebraska
US-NH,US,New Hampshire
US-NJ,US,New Jersey
US-NM,US,New Mexico
US-NV,US,Nevada
US-NY,US,New York
US-OH,US,Ohio
US-OK,US,Oklahoma
US-OR,US,Oregon
US-PA,US,Pennsylvania
US-RI,US,Rhode Island
US-SC,US,South Carolina
US-SD,US,South Dakota
US-TN,US,Tennessee
US-TX,US,Texas
US-UT,US,Utah
US-VA,US,Virginia
US-VT,US,Vermont
US-WA,US,Washington
US-WI,US,Wisconsin
US-WV,US,West Virginia
US-WY,US,Wyoming
UY-AR,UY,Artigas
UY-CA,UY,Canelones
UY-CL,UY,Cerro Largo
UY-CO,UY,Colonia
UY-DU,UY,Durazno
UY-FD,UY,Florida
UY-FS,UY,Flores
UY-LA,UY,Lavalleja
UY-MA,UY,Maldonado
UY-MO,UY,Montevideo
UY-PA,UY,Paysandú
UY-RN,UY,Río Negro
UY-RO,UY,Rocha
UY-RV,UY,Rivera
UY-SA,UY,Salto
UY-SJ,UY,San José
UY-SO,UY,Soriano
UY-TA,UY,Tacuarembó
UY-TT,UY,Treinta y Tres
UZ-AN,UZ,Andijan
UZ-BU,UZ,Bukhara
UZ-FA,UZ,Fergana
UZ-JI,UZ,Jizzakh
UZ-NG,UZ,Namangan
UZ-NW,UZ,Navoiy
UZ-QA,UZ,Qashqadaryo
UZ-QR,UZ,Karakalpakstan
UZ-SA,UZ,Samarqand
UZ-SI,UZ,Sirdaryo
UZ-SU,UZ,Surxondaryo
UZ-TK,UZ,Tashkent
UZ-TO,UZ,Tashkent Province
UZ-XO,UZ,Xorazm
VC-01,VC,Charlotte
VC-02,VC,Saint Andrew
VC-03,VC,Saint David
VC-04,VC,Saint George
VC-05,VC,Saint Patrick
VC-06,VC,Grenadines
VE-A,VE,Capital
VE-B,VE,Anzoátegui
VE-C,VE,Apure
VE-D,VE,Aragua
VE-E,VE,Barinas
VE-F,VE,Bolívar
VE-G,VE,Carabobo
VE-H,VE,Cojedes
VE-I,VE,Falcón
VE-J,VE,Guárico
VE-K,VE,Lara
VE-L,VE,Mérida
VE-M,VE,Miranda
VE-N,VE,Monagas
VE-O,VE,Nueva Esparta
VE-P,VE,Portuguesa
VE-R,VE,Sucre
VE-S,VE,Táchira
VE-T,VE,Trujillo
VE-U,VE,Yaracuy
VE-V,VE,Zulia
VE-W,VE,Federal Dependencies
VE-X,VE,Vargas
VE-Y,VE,Delta Amacuro
VE-Z,VE,Amazonas
VN-01,VN,Lai Châu
VN-02,VN,Lào Cai
VN-03,VN,Hà Giang
VN-04,VN,Cao Bằng
VN-05,VN,Sơn La
VN-06,VN,Yên Bái
VN-07,VN,Tuyên Quang
VN-09,VN,Lạng Sơn
VN-13,VN,Quảng Ninh
VN-14,VN,Hòa Bình
VN-18,VN,Ninh Bình
VN-20,VN,Thái Bình
VN-21,VN,Thanh Hóa
VN-22,VN,Nghệ An
VN-23,VN,Hà Tĩnh
VN-24,VN,Quảng Bình
VN-25,VN,Quảng Trị
VN-26,VN,Thừa Thiên–Huế
VN-27,VN,Quảng Nam
VN-28,VN,Kon Tum
VN-29,VN,Quảng Ngãi
VN-30,VN,Gia Lai
VN-31,VN,Bình Định
VN-32,VN,Phú Yên
VN-33,VN,Đắk Lắk
VN-34,VN,Khánh Hòa
VN-35,VN,Lâm Đồng
VN-36,VN,Ninh Thuận
VN-37,VN,Tây Ninh
VN-39,VN,Đồng Nai
VN-40,VN,Bình Thuận
VN-41,VN,Long An
VN-43,VN,Bà Rịa–Vũng Tàu
VN-44,VN,An Giang
VN-45,VN,Đồng Tháp
VN-46,VN,Tiền Giang
VN-47,VN,Kiên Giang
VN-49,VN,Vĩnh Long
VN-50,VN,Bến Tre
VN-51,VN,Trà Vinh
VN-52,VN,Sóc Trăng
VN-53,VN,Bắc Kạn
VN-54,VN,Bắc Giang
VN-55,VN,Bạc Liêu
VN-56,VN,Bắc Ninh
VN-57,VN,Bình Dương
VN-58,VN,Bình Phước
VN-59,VN,Cà Mau
VN-61,VN,Hải Dương
VN-63,VN,Hà Nam
VN-66,VN,Hưng Yên
VN-67,VN,Nam Định
VN-68,VN,Phú Thọ
VN-69,VN,Thái Nguyên
VN-70,VN,Vĩnh Phúc
VN-71,VN,Điện Biên
VN-72,VN,Đắk Nông
VN-73,VN,Hậu Giang
VN-CT,VN,Can Tho
VN-DN,VN,Da Nang
VN-HN,VN,Hanoi
VN-HP,VN,Haiphong
VN-SG,VN,Ho Chi Minh City
VU-MAP,VU,Malampa
VU-PAM,VU,Penama
VU-SAM,VU,Sanma
VU-SEE,VU,Shefa
VU-TAE,VU,Tafea
VU-TOB,VU,Torba
WF-AL,WF,Alo
WF-SG,WF,Sigave
WF-UV,WF,Uvea
WS-AA,WS,A’ana
WS-AL,WS,Aiga-i-le-Tai
WS-AT,WS,Atua
WS-FA,WS,Fa’asaleleaga
WS-GE,WS,Gaga’emauga
WS-GI,WS,Gaga’ifomauga
WS-PA,WS,Palauli
WS-SA,WS,Satupa’itea
WS-TU,WS,Tuamasaga
WS-VF,WS,Va’a-o-Fonoti
WS-VS,WS,Vaisigano
YE-AB,YE,Abyan
YE-AD,YE,’Adan
YE-AM,YE,Amran
YE-BA,YE,Al Bayda
YE-DA,YE,Dhale
YE-DH,YE,Dhamar
YE-HD,YE,Hadramaut
YE-HJ,YE,Hajjah
YE-HU,YE,Al Hudaydah
YE-IB,YE,Ibb
YE-JA,YE,Al Jawf
YE-LA,YE,Lahij
YE-MA,YE,Ma’rib
YE-MR,YE,Al Mahrah
YE-MW,YE,Al Mahwit
YE-RA,YE,Raymah
YE-SA,YE,Amanat Al Asimah
YE-SD,YE,Sa’dah
YE-SH,YE,Shabwah
YE-SN,YE,Sana’a
YE-SU,YE,Arkhabil Suqutra
YE-TA,YE,Taiz
ZA-EC,ZA,Eastern Cape
ZA-FS,ZA,Free State
ZA-GP,ZA,Gauteng
ZA-KZN,ZA,KwaZulu-Natal
ZA-LP,ZA,Limpopo
ZA-MP,ZA,Mpumalanga
ZA-NC,ZA,Northern Cape
ZA-NW,ZA,North West
ZA-WC,ZA,Western Cape
ZM-01,ZM,Western
ZM-02,ZM,Central
ZM-03,ZM,Eastern
ZM-04,ZM,Luapula
ZM-05,ZM,Northern
ZM-06,ZM,North-Western
ZM-07,ZM,Southern
ZM-08,ZM,Copperbelt
ZM-09,ZM,Lusaka
ZM-10,ZM,Muchinga
ZW-BU,ZW,Bulawayo
ZW-HA,ZW,Harare
ZW-MA,ZW,Manicaland
ZW-MC,ZW,Mashonaland Central
ZW-ME,ZW,Mashonaland East
ZW-MI,ZW,Midlands
ZW-MN,ZW,Matabeleland North
ZW-MS,ZW,Matabeleland South
ZW-MV,ZW,Masvingo
ZW-MW,ZW,Mashonaland West
